business_status,geometry,icon,icon_background_color,icon_mask_base_uri,name,opening_hours,photos,place_id,plus_code,rating,reference,scope,types,user_ratings_total,vicinity,price_level,permanently_closed,hex_id
OPERATIONAL,"{'location': {'lat': 52.3822784, 'lng': 4.6299324}, 'viewport': {'northeast': {'lat': 52.3836005302915, 'lng': 4.631015680291503}, 'southwest': {'lat': 52.3809025697085, 'lng': 4.628317719708498}}}",https://maps.gstatic.com/mapfiles/place_api/icons/v1/png_71/lodging-71.png,#909CE1,https://maps.gstatic.com/mapfiles/place_api/icons/v2/hotel_pinlet,Hotel Raecks,{'open_now': True},"[{'height': 1365, 'html_attributions': ['<a href=""https://maps.google.com/maps/contrib/103337568360730841173"">RAECKS</a>'], 'photo_reference': 'AXQCQNTzZVS3TWs6sObaoODbfMO5Zrh-TxDvYV7KSSyjh4Hv46YBeGIFrgS5h5HuXxgZ2UpD-7_9cHKlwkhE74yLxjWHPHOh8tl510vd5fU7fiQNB4-xBbEymLzEjXyvnu4yPOLteRzeM57lfF4AdXrpaLUN6YHzVVJ_Li7PuqdPXI6z4D2c5oYEqusJGrN5ZaG36_uzJnbN72thrJFG6-gediqYorCeVMW4Fa1tK03PKRrcUmV1NnMvOTEUlmkCSxBwZltlPSHWjHqr0UPoRdFPnLoyV8uF_3sMPtwY9LD8htVJDmcrf6S2pvOogH9TxuTTTmoEUQSMxsw', 'width': 2048}]",ChIJu_G6mxTvxUcR6utcvXPQR2Q,"{'compound_code': '9JJH+WX Haarlem, Netherlands', 'global_code': '9F469JJH+WX'}",3.6,ChIJu_G6mxTvxUcR6utcvXPQR2Q,GOOGLE,"['bar', 'cafe', 'lodging', 'restaurant', 'food', 'point_of_interest', 'establishment']",259,"Raaks 1 - 3, Haarlem",,,8819682ed9fffff
OPERATIONAL,"{'location': {'lat': 52.3798797, 'lng': 4.6320352}, 'viewport': {'northeast': {'lat': 52.38109068029149, 'lng': 4.633726780291502}, 'southwest': {'lat': 52.3783927197085, 'lng': 4.631028819708497}}}",https://maps.gstatic.com/mapfiles/place_api/icons/v1/png_71/cafe-71.png,#FF9E67,https://maps.gstatic.com/mapfiles/place_api/icons/v2/cafe_pinlet,Café De Linde,{'open_now': True},"[{'height': 3024, 'html_attributions': ['<a href=""https://maps.google.com/maps/contrib/110934739879036972433"">Fleur</a>'], 'photo_reference': 'AXQCQNSNLee8_fn_FU60Id7s2QHnNTSt2leMfcI4qyjtYGaN_RTtJj8FNkaezZS5eNGBIkp1RWVCbQi7lrDKACpwemOGhs5b1d2u47kBFN2zxon9A7xdGnJ_6AMpjNou0i8YYL1GpajsxRlHMIa6MYAVAgTAU2LDcoagUAsS-LAe0Ue2RF6_DvlkEmyjKLLbOAZUomhdrqnodQ5H20JDbeVMG9anNi2VFsOkJjCj9NAfiRCyl2i0CSwIEjglS5EZFYsxafshIZPusOhHF_7JMBPM4GwZns74JGWgcm7R_Alm2pyfE-MbNjfBdkIhcMVPu-kRvQ6R0aQRLXsslU69c4CWcJB0EK8PqK0CbldcGimJP3hQFu-k5-8EfLvwz71UojS4kZQCxmsxdcGIzcGuokiBZdMSNk_fFJH5gmXZYfKVlOccifzGROAsyPAN3vURBV70grIEIuamibFWiEkuZdNT1XHi82HQxB9mjbyQMCyZkNZebJM0MzJjEo6BvJZPMBe2xLM9DZawHjuQ8NLgTZY9GdE9pvLxnr5arw9dNfoCnvhG_bEIeU7mXNpCRDZrCU2AnacAxSRIj160L3wM7FsPdnXCBEBZ4Wjjf44kme8DduCn-ihHeKz6-SAC9_C21384I-bu9A', 'width': 3024}]",ChIJm3681WrvxUcRW2GJUw_X8WE,"{'compound_code': '9JHJ+XR Haarlem, Netherlands', 'global_code': '9F469JHJ+XR'}",3.5,ChIJm3681WrvxUcRW2GJUw_X8WE,GOOGLE,"['cafe', 'bar', 'restaurant', 'food', 'point_of_interest', 'establishment']",439,"Botermarkt 21, Haarlem",2.0,,8819682ed9fffff
OPERATIONAL,"{'location': {'lat': 52.3831238, 'lng': 4.6301168}, 'viewport': {'northeast': {'lat': 52.38449823029149, 'lng': 4.631395530291503}, 'southwest': {'lat': 52.3818002697085, 'lng': 4.628697569708498}}}",https://maps.gstatic.com/mapfiles/place_api/icons/v1/png_71/cafe-71.png,#FF9E67,https://maps.gstatic.com/mapfiles/place_api/icons/v2/cafe_pinlet,Het Wapen van Bloemendaal,{'open_now': True},"[{'height': 1836, 'html_attributions': ['<a href=""https://maps.google.com/maps/contrib/113844991034571199250"">Philip Puttiger</a>'], 'photo_reference': 'AXQCQNSjLoXR4C-JTu3HJXDEgjM10XVK0HDgzcY4N0Z6-6KzCS1Ez-Qn3uFcqMl8rP9PXwDtLkUohokazUbMD9Dnf0MxEack_52MfOy16YR8mjqUJaKyWTzvdGkWdYL-Kb3z2TSTehYk-vM2axmDIAXY9CMKyaffg20tLgYaXrWcV3FgE1cz4ojJUXJ9NAvcKo9uw3RhULxhIfeYQywgi4fXxgqvg4ma3sSF7v6JXwXOPTB9607P2YzoxgAgK5fjmabaUxEJ-V_XmK14z19c3vzpp3fv51xB8t38ouURtu27WqaC0BcRWf6HnleWggOmo5PbH1GqBgZv89Fv3N0esmq2vIm2BLkcP8lksbhMLNz45X-Bw0S53QU5FYR-ksZ56jpB_0qqjlnZcUWUv0fF-eAruSUE24cUrQtcDGcGtV8qvYb5zg1WiGqt_VVxntEzpNw10az14PPlEDPnPVooCHsS0zEYeGVnjU-_EkKYZVwgg-yCVpNUhddKFXXPe8_kqEnMpPjSNCGJ8Wt3WAoauEhRBi6iIbFBdZHA7FMqvRIPnnWxpcHVZNGwhNt7cTbnL4WEP_cWIoEhxKjY7kSYz5MervRAas48C-HwDajA-qaX6wNXlWRVDZZ2lkidzu4-2nlk7cqywQ', 'width': 3264}]",ChIJYw14YxPvxUcRp5g4Ei8rMTk,"{'compound_code': '9JMJ+62 Haarlem, Netherlands', 'global_code': '9F469JMJ+62'}",4.6,ChIJYw14YxPvxUcRp5g4Ei8rMTk,GOOGLE,"['cafe', 'food', 'point_of_interest', 'establishment']",352,"Zijlvest 1A, Haarlem",2.0,,8819682ed9fffff
OPERATIONAL,"{'location': {'lat': 52.3775, 'lng': 4.6313889}, 'viewport': {'northeast': {'lat': 52.37899333029149, 'lng': 4.632224080291501}, 'southwest': {'lat': 52.37629536970849, 'lng': 4.629526119708498}}}",https://maps.gstatic.com/mapfiles/place_api/icons/v1/png_71/cafe-71.png,#FF9E67,https://maps.gstatic.com/mapfiles/place_api/icons/v2/cafe_pinlet,Hofje Zonder Zorgen,{'open_now': False},"[{'height': 2825, 'html_attributions': ['<a href=""https://maps.google.com/maps/contrib/115208351239723773127"">Hofje zonder zorgen</a>'], 'photo_reference': 'AXQCQNTuDz463OHKPvg6S9J7RDzgOtgrX9pRPycwDoiAP8KW2-G6qQL9FuhIS6ccGLJaOuNwbowLRKmIiMifNNKEwjQ3Ah-NxCHzBXYDBHgro44bcFokIu5V-xyxlPmY6IB0cpULg5mwA6hBSYCjAQjoh4jadvtEIY2xL20aEWRz9vfCwQd60T99xlVSJleyD070AIsZdSt-Ukyt3jJs6U16T0_9uoR6kKeaqFKzi_4cGT2EPOhvJVp-rj-qNu-W4-c3YSq2x4Zfs56e9FkQmlEVhAEWgNJNBR6jef6lwVhz04wue-IO067AC1PMzR7qUSDEjIRINPmmNr4', 'width': 4000}]",ChIJx4rbqmrvxUcRusS_zHDmZ6M,"{'compound_code': '9JGJ+XH Haarlem, Netherlands', 'global_code': '9F469JGJ+XH'}",4.2,ChIJx4rbqmrvxUcRusS_zHDmZ6M,GOOGLE,"['cafe', 'store', 'restaurant', 'food', 'point_of_interest', 'establishment']",765,"Grote Houtstraat 142A, Haarlem",2.0,,8819682ed9fffff
OPERATIONAL,"{'location': {'lat': 52.37985469999999, 'lng': 4.6321021}, 'viewport': {'northeast': {'lat': 52.3810781802915, 'lng': 4.633761930291501}, 'southwest': {'lat': 52.3783802197085, 'lng': 4.631063969708498}}}",https://maps.gstatic.com/mapfiles/place_api/icons/v1/png_71/cafe-71.png,#FF9E67,https://maps.gstatic.com/mapfiles/place_api/icons/v2/cafe_pinlet,Café Marktzicht,{'open_now': True},"[{'height': 5056, 'html_attributions': ['<a href=""https://maps.google.com/maps/contrib/117181002068754284478"">J Jasper</a>'], 'photo_reference': 'AXQCQNTyx7waQ86BD0ORgJ0_NdzosssJOr9nOfik3YLS1JLc37h3JoXgq-wBzEsNvnWIBUweiaHbVTLJ1gOQeZ73-VyLE18D4iV3H2GMRuIZep0BeVTGlg_YvFkvODbes8MXlQ2b6r2hVOEQhzLN5R0FzjkD5taJ-p_kDatboVKlS6DdUtq3Rv2eKPtZ70MycU49ZyfLraWRFOChCibOF3xsFsI1HV0k0xjJtkIZV7FaLBWK-uMlyz9d0i85X5jNaaAAi8RAheGx5immni7QGUTHIjkML8CFfB4sNYRNtdwV2ZqzTTZ-a-ci6BDAVPrgWpi-dViiWWMEMKOXSIWGMBJUs1CFCad6w-G7wVHOndYLbsBgfcVnDi3PScD5H05iaJnyMJRw1scMPMtADKeSuC5aWS6RWLtAfK80gm78dbF1gHYZ5a6l1gK2AHnBCvS41IjPKTMo2uwKiCzCqx7T3OWvwGqa5apUmRWm4LkPEFs9lIGpopOmNEDwLzmeleyR4EH_T4KDTyDb5vrdlHoopZLBMXqDNKqc_9dzGpiaLzeRfVQYTGdL8gIyvXPu1pnLoKHzId0opz7ZaXvEGLogPSS0JAtQAMQx2NGss6LRSgdO0RCRQd6Wg0WdpudiijpFbfT8KfgLeQ', 'width': 3792}]",ChIJvUzb1WrvxUcRBZLIvpWI5uY,"{'compound_code': '9JHJ+WR Haarlem, Netherlands', 'global_code': '9F469JHJ+WR'}",4.4,ChIJvUzb1WrvxUcRBZLIvpWI5uY,GOOGLE,"['cafe', 'food', 'point_of_interest', 'establishment']",231,"Botermarkt 23, Haarlem",2.0,,8819682ed9fffff
OPERATIONAL,"{'location': {'lat': 52.3789158, 'lng': 4.6313382}, 'viewport': {'northeast': {'lat': 52.38022943029151, 'lng': 4.632661180291502}, 'southwest': {'lat': 52.37753146970851, 'lng': 4.629963219708498}}}",https://maps.gstatic.com/mapfiles/place_api/icons/v1/png_71/cafe-71.png,#FF9E67,https://maps.gstatic.com/mapfiles/place_api/icons/v2/cafe_pinlet,Native Haarlem - Koffie,{'open_now': False},"[{'height': 1066, 'html_attributions': ['<a href=""https://maps.google.com/maps/contrib/107780748251348906538"">Native Haarlem - Koffie</a>'], 'photo_reference': 'AXQCQNQeIXeBx-cywtzCYJvBMJshuS28gsU9lGIXvqBFsKnyHpkhq5uoSl9LCytWyh8jxoqssVOhNm70bqejhh-zjzkbkPmRID5ESVUV5WqlFddqSNZrKCvOi4vxHFoBltU5GwNUcUt3TzFxcOIHzcfgJJuFkFrFIxGuxpQYJY7yX5SjZUPfmzHzdagKh7VAR7QBanx7xdL6Xq8jLKWnwECEXxYZaxfAkXKu6e5ZSfwpxXWLJnW1JGTnNNDKKlfhjDqcU5LngypQnFqbzJ99wrRnABEApRyyKxRSqlCSAcTYfQEdV6fUb3dRDuKEJxDvq5bj_o1NFMHiIQM', 'width': 1600}]",ChIJA2QqNRXvxUcRiWrKReu-lCo,"{'compound_code': '9JHJ+HG Haarlem, Netherlands', 'global_code': '9F469JHJ+HG'}",4.7,ChIJA2QqNRXvxUcRiWrKReu-lCo,GOOGLE,"['cafe', 'store', 'food', 'point_of_interest', 'establishment']",607,"Breestraat 23, Haarlem",2.0,,8819682ed9fffff
OPERATIONAL,"{'location': {'lat': 52.38169490000001, 'lng': 4.635677500000001}, 'viewport': {'northeast': {'lat': 52.3829989302915, 'lng': 4.637522580291502}, 'southwest': {'lat': 52.38030096970851, 'lng': 4.634824619708497}}}",https://maps.gstatic.com/mapfiles/place_api/icons/v1/png_71/cafe-71.png,#FF9E67,https://maps.gstatic.com/mapfiles/place_api/icons/v2/cafe_pinlet,Anne&Max Haarlem,{'open_now': False},"[{'height': 1067, 'html_attributions': ['<a href=""https://maps.google.com/maps/contrib/113046514572072795585"">Anne&amp;Max Haarlem</a>'], 'photo_reference': 'AXQCQNQoNTbRv6u6v8rV7Y4p4NmINUOYK6ScR_amU35TGvwngEz4jG1OXNEkgwdBI9N8tJ2aM9bRK6yRmK2P-DIwHCPo7tsXfeY4H7pEt8rFaksviy3zvIvYwPCpGqD2INQxMQOGC8VxG3JrzrI1Zn2dDju337j5LsXu_7QCS4babZ6RzUtl9TnPQ0DlXOpKltHD6PpCqJpCjN_IxkRuM0kM2gJzgPSf96esmOvgkP9PTuRY2kkV4PZWWoNpHBF8uJMelZrpWYhiVSaLM2_nJtpkeaH3gKG05xwOsdTQ75-ISz2ar0TX-vGjnQwewwt8JW2QLkgtC57560c', 'width': 800}]",ChIJ3VGfUGvvxUcR7vHEnnP7EkI,"{'compound_code': '9JJP+M7 Haarlem, Netherlands', 'global_code': '9F469JJP+M7'}",4.1,ChIJ3VGfUGvvxUcR7vHEnnP7EkI,GOOGLE,"['bar', 'cafe', 'meal_takeaway', 'store', 'restaurant', 'food', 'point_of_interest', 'establishment']",1106,"Grote Markt 5, Haarlem",2.0,,8819682ed9fffff
OPERATIONAL,"{'location': {'lat': 52.380083, 'lng': 4.633519999999999}, 'viewport': {'northeast': {'lat': 52.3812593802915, 'lng': 4.634616380291503}, 'southwest': {'lat': 52.3785614197085, 'lng': 4.631918419708498}}}",https://maps.gstatic.com/mapfiles/place_api/icons/v1/png_71/bar-71.png,#FF9E67,https://maps.gstatic.com/mapfiles/place_api/icons/v2/bar_pinlet,Lokaal - Dutch Beer Bar,{'open_now': True},"[{'height': 4624, 'html_attributions': ['<a href=""https://maps.google.com/maps/contrib/102885814585327093575"">Magdalena Leśniak</a>'], 'photo_reference': 'AXQCQNSLCb4sTm7Msh6IzdT_CockBzM2y9tXKkqOrGmruiZaD7hT8WcnCbJ30UXd7FyqcbIEyg_vilV6XEZz9HnOSDQ0DgTB3z0tloHVflnmTrzhkOF59o_hWivuoMc0tzfw4EZgcL8WZadL-YkK3rPhI__LwQGOV9oyA7E3tTeBIUwWNe7HXz9ZPMQh5uSaadDIqvKLAAZalu8Rljz1tDWvpMDzww6ELCZdFBVtcPpQLGYy4Pzw7uVNySSIIaiygUTExtnV9nyYF8v3Oynvm8m6QgUH2L94axVu_SIawLvjfyOMPCaJgLPx8yHW2qm2-BsjtjiS2xIb9-Qk9WaDR0042rB1v5pRKau4gloR_dc4LXpomVbcDgl1PPeSIIMGGuZRU4fmveS365RARaDADsiNdINKwv2grWK5sR27TWVXj8-MPfyLzPSXkrz8zyQA-adtg8akJvGXgm-N71knw7T57YQPASa9UzuHiJ7BlKQkmv8tQgn_o2soNq3rBVHdNJ-mgRIV6_JxsUzutZt4COHCYVnUvj3ihmBIV_TwghY59NHf4U62xVjirA20fZ5Uh9Qi55o_hAIVGeIgodUagb5e51i6DM9ZHeozGkqi-gMxhYbAlu_HjA-Chq_pLobcXG3P', 'width': 3468}]",ChIJaSsUH2vvxUcR1R9uqtlcdgI,"{'compound_code': '9JJM+2C Haarlem, Netherlands', 'global_code': '9F469JJM+2C'}",4.7,ChIJaSsUH2vvxUcR1R9uqtlcdgI,GOOGLE,"['bar', 'cafe', 'food', 'point_of_interest', 'establishment']",310,"Koningstraat 46, Haarlem",2.0,,8819682ed9fffff
OPERATIONAL,"{'location': {'lat': 52.3806356, 'lng': 4.63448}, 'viewport': {'northeast': {'lat': 52.38154118029149, 'lng': 4.6352438}, 'southwest': {'lat': 52.3788432197085, 'lng': 4.6321886}}}",https://maps.gstatic.com/mapfiles/place_api/icons/v1/png_71/shopping-71.png,#4B96F3,https://maps.gstatic.com/mapfiles/place_api/icons/v2/shopping_pinlet,Meneer Paprika,{'open_now': False},"[{'height': 3024, 'html_attributions': ['<a href=""https://maps.google.com/maps/contrib/112169272476814707986"">Joep</a>'], 'photo_reference': 'AXQCQNRUtzrRhN_hRYbOD6DTxkeN8f2FYwo-t2LMBXpQw7uopsLpbHobDM7RHPAplNFzV_gc6foICOhGMIDigaLHTj5lLLJ6_gac2OEwJKlvysUDB0zs5AzjsiC1-SrFRf7CDmt0vq_Vd5US9Jh26qdh60jMNR8Dz2aHuK6kCm2O9PE5-9UmHEO2soe--9mPh2SYORpnTCenSttwU0VQNDVIeramxGfxzkkxnG81PnHcRi5emDRCCiGYHp7fR1-b8-eDw-dBpe2dnB-F64bq3h1oSghUoF03zMXxMTl_BhGQxSTv4tnroeod9emeCLgbXB4srJNocNJWOarSO9ltZWJxwZsLVqaFWTDA8-YTDtNad0pmm3PcpfCqFrU7eQC6mmjopHcvuQsIM9DBTM3DVzohPQYTBNCU7KFaov6PR1eEhhKX9-aIw9CmIyXT-Sdn9FA5DqbLuuKcJGQ0jJ-dtY_Zgrpd3euswVlS2ixwPrxXK-ulBJljxGLfxH2at0Zk5-qcHD4EdZij0w6EsE42FidghYRD0UyT9qetZAc2uAXAdwxwbt52xU9jusfLRxc3iz0gfPEfeEEAG9vBtpwdmp_M86pmq32yN6yHMzDpwC76E3dIjemYr6sjtod1qXu9J9djTE7nh7KE', 'width': 4032}]",ChIJS0jkD2vvxUcRk0hWFlnLCDw,"{'compound_code': '9JJM+7Q Haarlem, Netherlands', 'global_code': '9F469JJM+7Q'}",4.4,ChIJS0jkD2vvxUcRk0hWFlnLCDw,GOOGLE,"['cafe', 'store', 'food', 'point_of_interest', 'establishment']",781,"Koningstraat 19, Haarlem",2.0,,8819682ed9fffff
OPERATIONAL,"{'location': {'lat': 52.379487, 'lng': 4.6345839}, 'viewport': {'northeast': {'lat': 52.3804997302915, 'lng': 4.635926830291503}, 'southwest': {'lat': 52.3778017697085, 'lng': 4.633228869708498}}}",https://maps.gstatic.com/mapfiles/place_api/icons/v1/png_71/cafe-71.png,#FF9E67,https://maps.gstatic.com/mapfiles/place_api/icons/v2/cafe_pinlet,Cultureel Café Haarlem,{'open_now': False},,ChIJozU0-WrvxUcRv4DZSbRrzTQ,"{'compound_code': '9JHM+QR Haarlem, Netherlands', 'global_code': '9F469JHM+QR'}",5.0,ChIJozU0-WrvxUcRv4DZSbRrzTQ,GOOGLE,"['cafe', 'food', 'point_of_interest', 'establishment']",2,"Peuzelaarsteeg 4, Haarlem",,,8819682ed9fffff
OPERATIONAL,"{'location': {'lat': 52.3818377, 'lng': 4.6342619}, 'viewport': {'northeast': {'lat': 52.38335473029149, 'lng': 4.635242330291502}, 'southwest': {'lat': 52.3806567697085, 'lng': 4.632544369708498}}}",https://maps.gstatic.com/mapfiles/place_api/icons/v1/png_71/cafe-71.png,#FF9E67,https://maps.gstatic.com/mapfiles/place_api/icons/v2/cafe_pinlet,Vascobelo V-bar Haarlem,{'open_now': False},"[{'height': 4096, 'html_attributions': ['<a href=""https://maps.google.com/maps/contrib/102502171917157612617"">Vascobelo V-bar Haarlem</a>'], 'photo_reference': 'AXQCQNR4zMFrDwDswR6TJtiP3Yz0HLdLH-hZoLPb0RYxLhJzwTG5Y7L4XnkMlu1-Wy9ktTdqWgHRLypV9r8AnDERfFB7wDgSY_avK7rCaAVipkAQWakhUJzWJQncBL_iSA25PhRBT_OP9h5RT4KHbDvocp8jCcmoasuuAX7ugkZVeJwCNy4YoOavOVJVwCtGnp_3z5ayFw99sYJraphqmPOrLgSxHTRKPdStcGaL2byFzEBW_ArJXYd73MG2U8xrN7NtaHyVoktgBS9faAg_r82VC78KO7pLVEtALOlLFdNey6Cg2-NqY28b5JD223VaCyrRh8mFNvr-qbA', 'width': 6144}]",ChIJ3ZNob2vvxUcRXJd7xSNTNUQ,"{'compound_code': '9JJM+PP Haarlem, Netherlands', 'global_code': '9F469JJM+PP'}",4.3,ChIJ3ZNob2vvxUcRXJd7xSNTNUQ,GOOGLE,"['cafe', 'bar', 'store', 'restaurant', 'food', 'point_of_interest', 'establishment']",573,"Zijlstraat 94, Haarlem",2.0,,8819682ed9fffff
OPERATIONAL,"{'location': {'lat': 52.3808778, 'lng': 4.634714}, 'viewport': {'northeast': {'lat': 52.38166118029149, 'lng': 4.6355948}, 'southwest': {'lat': 52.3789632197085, 'lng': 4.6320716}}}",https://maps.gstatic.com/mapfiles/place_api/icons/v1/png_71/shopping-71.png,#4B96F3,https://maps.gstatic.com/mapfiles/place_api/icons/v2/shopping_pinlet,Sustainable Concept Store NYHAVN,{'open_now': False},"[{'height': 3024, 'html_attributions': ['<a href=""https://maps.google.com/maps/contrib/114936551742889652319"">Marco Hueg</a>'], 'photo_reference': 'AXQCQNSHi6jjODP__UKTngRBMUUA0mrke4Iw4kQgVqtMStsSDwsBpD6ipFCPCpL-1wOQThJeVg5GD9ojNF-iJyFT8_zp3biFJbU-AQasTk_JtzdjxJ8CKpgByWj3dcdAqYbjQhZ00M-WMrOHe2orjdbQFGC-A2XKe4z10heu07rg-zvbDCjNt0RjLLV128RxkIdWrdkifC7zncGOL_oM5JkwWWbA56WDI6omAfY1oNFqqFqpOfpNihQ1jT00ufsMtG91jzG3wCzb3D9-r7xnEZycT6VB8YpaplvT4yohzmRLW4w961L9YPDGPuo_bLK01dwH1K5VA_T7pYMMOFZX91unpxdZVA5DCJig9hP0Rrh7Obeie9w2dqtJvXOdRbeji8MucKB7OpM82znbedeC1g8Y70XLXu48yU_o4A3sA5oGJg9aoiES3vZ2XRHS57Dom7RczsdKFFnjCBSepKVPHvJkel5caCTLi7bwI1TkKNtEI6lvBQMqVzkFLdibswr0SaBwSlNoQGiYI2sdDEOwwO1ul-ABoTdhmQYHKhNPxST3sKDe-4gXMA67KYwANIOyRWGSIAruGqZmbhPuksvvHJ4FV_375f4Qvo8qg9xp_Xch8IQdqau4HT_dAzTVRV1W9vPPF1X4uQ', 'width': 4032}]",ChIJfUYYDGvvxUcRgQa-9ptoQMY,"{'compound_code': '9JJM+9V Haarlem, Netherlands', 'global_code': '9F469JJM+9V'}",4.6,ChIJfUYYDGvvxUcRgQa-9ptoQMY,GOOGLE,"['cafe', 'home_goods_store', 'jewelry_store', 'store', 'food', 'point_of_interest', 'establishment']",60,"Koningstraat 15, Haarlem",,,8819682ed9fffff
OPERATIONAL,"{'location': {'lat': 52.38019959999999, 'lng': 4.631306900000001}, 'viewport': {'northeast': {'lat': 52.38137973029149, 'lng': 4.632601030291502}, 'southwest': {'lat': 52.37868176970849, 'lng': 4.629903069708497}}}",https://maps.gstatic.com/mapfiles/place_api/icons/v1/png_71/civic_building-71.png,#7B9EB0,https://maps.gstatic.com/mapfiles/place_api/icons/v2/civic-bldg_pinlet,de Bibliotheek Haarlem Centrum,{'open_now': False},"[{'height': 3744, 'html_attributions': ['<a href=""https://maps.google.com/maps/contrib/101679842786639762100"">de Bibliotheek Haarlem Centrum</a>'], 'photo_reference': 'AXQCQNS6-K-jm6SRouraMDNJXPb34zTX1dfSd0UWHi1WoHkbUg_XNjfFKhywKllOb4Wqq28Y3XOp2kad9BSBh8DmPv86wO27tom2g4Ti0WnXmcPOcNkIuSBorkGbl4O86dAK-w0tHP_gRLVo7kdc2ICywTbeXqATKbCLzFZOJUCQ3Mbj2oLcZhs0nM2XStU6JeUQCt4eqp60GiXeqWuTfMjPk0gvqFhiCdEqjXGK1lqjJC-xEdmBbadtVy0SXe7dCHetq659A59EMNup36qxv6bZBKLOvrxgkx8hdJ7oY9DTiLMw8xYEuJSX4EEXH2IBd0U0yaK6-26Kw0Y', 'width': 5616}]",ChIJw1ea1hTvxUcRtcejyGtdIGQ,"{'compound_code': '9JJJ+3G Haarlem, Netherlands', 'global_code': '9F469JJJ+3G'}",4.4,ChIJw1ea1hTvxUcRtcejyGtdIGQ,GOOGLE,"['library', 'bar', 'cafe', 'store', 'food', 'point_of_interest', 'establishment']",162,"Gasthuisstraat 32, Haarlem",,,8819682ed9fffff
OPERATIONAL,"{'location': {'lat': 52.37859960000001, 'lng': 4.631837700000001}, 'viewport': {'northeast': {'lat': 52.3800007802915, 'lng': 4.633134730291503}, 'southwest': {'lat': 52.3773028197085, 'lng': 4.630436769708498}}}",https://maps.gstatic.com/mapfiles/place_api/icons/v1/png_71/restaurant-71.png,#FF9E67,https://maps.gstatic.com/mapfiles/place_api/icons/v2/restaurant_pinlet,Bagels & Beans,{'open_now': False},"[{'height': 4032, 'html_attributions': ['<a href=""https://maps.google.com/maps/contrib/109176363948768678761"">Bagels &amp; Beans</a>'], 'photo_reference': 'AXQCQNQ6fc9Peaw-_P_NV8hqyijfKyv56kcl6KJlYTfHz0PftWGjjt0Y48GXMbqQGLwypqs8sGj3y5yr_kFDSyS3GkPirAfbCoBIxrafWQavSWZJvm_anrEJJenuZz6lVwYHz_ACttsECel1-bQA8f1n0DhTQH6MFYffbQvLxNK7vEpUKLaIUbAETuIXXa_vWgiL21UN0LneTqE9CKt_rF6ZSBK1jn-osmBg3-7F1wff4W5c6uoBV7MQ2GJ_JR5xz-1jnxa3efPTWrqIukxlY2HzRDGysp0MitJRB9mhJG5qu9mBgR6-B_t-W9rKszPRgaGEaeihLj4-jnU', 'width': 3024}]",ChIJTYuItWrvxUcR4zjevzQYgv4,"{'compound_code': '9JHJ+CP Haarlem, Netherlands', 'global_code': '9F469JHJ+CP'}",4.4,ChIJTYuItWrvxUcR4zjevzQYgv4,GOOGLE,"['bakery', 'cafe', 'store', 'restaurant', 'food', 'point_of_interest', 'establishment']",591,"Gierstraat 49, Haarlem",2.0,,8819682ed9fffff
OPERATIONAL,"{'location': {'lat': 52.381365, 'lng': 4.621691900000001}, 'viewport': {'northeast': {'lat': 52.3827320802915, 'lng': 4.623049780291502}, 'southwest': {'lat': 52.3800341197085, 'lng': 4.620351819708498}}}",https://maps.gstatic.com/mapfiles/place_api/icons/v1/png_71/shopping-71.png,#4B96F3,https://maps.gstatic.com/mapfiles/place_api/icons/v2/shopping_pinlet,COFFEESHOP DREAMLAND,{'open_now': False},"[{'height': 3024, 'html_attributions': ['<a href=""https://maps.google.com/maps/contrib/117121340513664685100"">Paaarrggdon!!</a>'], 'photo_reference': 'AXQCQNQghJdWXm09ItvotkYiWuf1WE5t523vXGcTer_Kp0t0SbvdFjbh_qXdwgEW8FgvGkllz-Lxlk0Wt7NXIrvbHJUWyHGmxjbKUMiMnOyMh0f3p0chy5yMShDR5rroM67nXpOoxlFOqVcyzUWCK97Hw6q_s-HDMTKtDqhmmdkdjxqfDbHZhBW8IflO9ZYITmgIYgy7Avk8cfZYSaHDIGVR29JJnWIcd3r3KuZRjsvWx3hC5O7jVXtXDXHP65Mpb1FlYafj9Bl0vxKE9lqyeFmSy7bEWRviYdXjWpIk7M04lQQ6ypXs0q2qA8QBwEX2j0LGq99YMG2XTPNwY5VK7IJg1jPeWQCVIHtzPILQk_MnLU_QBUQxewbd3L5gIIq_l3FWJzRQmuTlIlmiGZc4Wq3eaXb0mTP_1_ZvgHVV3D5B7TeU80ROLSl5wV2SuWlAi1kmV-YRwUmzcMc1zmvP81w8HTxGyaiBrNy7Q8_E5iSA8DW7r3rV8CynjZeTy7-QCA1nUL0BnIHgF2rlNhxW5eZlA_aYj_nkp3PNxkEZUs-0FTMeGnYseN44C-ymT3lqDVHuORxx95o5nSM74hULl-4Zw0T7zffReI8FySzA77K5WLp-C-sH5DHLt5u6-nNDM-x44oPNGQ', 'width': 4032}]",ChIJVwgCHBfvxUcRgvYbECrScD8,"{'compound_code': '9JJC+GM Haarlem, Netherlands', 'global_code': '9F469JJC+GM'}",4.0,ChIJVwgCHBfvxUcRgvYbECrScD8,GOOGLE,"['cafe', 'store', 'food', 'point_of_interest', 'establishment']",101,"Brouwersplein 44, Haarlem",,,8819682ed9fffff
OPERATIONAL,"{'location': {'lat': 52.3788164, 'lng': 4.6301557}, 'viewport': {'northeast': {'lat': 52.3801694802915, 'lng': 4.631507180291502}, 'southwest': {'lat': 52.3774715197085, 'lng': 4.628809219708497}}}",https://maps.gstatic.com/mapfiles/place_api/icons/v1/png_71/cafe-71.png,#FF9E67,https://maps.gstatic.com/mapfiles/place_api/icons/v2/cafe_pinlet,Café De Vijfhoek,{'open_now': True},"[{'height': 2268, 'html_attributions': ['<a href=""https://maps.google.com/maps/contrib/105523488278499888755"">Tim Mattingly</a>'], 'photo_reference': 'AXQCQNQCZ_z9GYWFMJTmaJP0efzvZSilgfZcXpXtw_7tNJiwPtvJ7qJqXVMr3FIYW4uNiURUHelpXF6F4U1S1zeP8M8GTac8JX7ANRIvRMTxa7lcKJOIItWzBhRFcIjRGICYvuExaofcYJd-Rvcmvw3hV2Eq7Dl2auIAQlV3tM046_0lSN0_Krng3POqWSji5maK2LbyflmcKk1pb_0_hzuy3Vv0kuss28Nmb_3HUtjVtFGGLnnvw00WxT_kOUuTMOvFuB0dpMI1X4ifg_2UIrKWIp-_LTXyAgCAeHPBYTp7h9Aimz0GAB6cUt0moQW6ElPqohJ-bNa_zeQBYRc0fFhwWxrzFCcuzQTvQe9WqZmEwdVLZJD_O_78BhoPB9GhcNNFiFkLvr7eP6URYCyUykc5fAz_1jG74n8LUd-4h3t9K1lDRkLjdDxzzDTQUhY-G4EkDyQgyUt2UfEG5TINCXGNH3buLPZnNI7QBrNq7j77L0mHtNwa20habmIkWEK6GO63pEMj_odEITF8Wy0Ml3EBCVSiFA5Ql5fotxjcwGffYpbn_3HcDTVfosXPFqxZ6UWjbSIxYlOCQoBpuStg5Y3V6N2J6qBGBH4IbCpKMUUpXa4f5boefMGKDd5RRlN68fzw2nVLEg', 'width': 4032}]",ChIJeYgZPxXvxUcRPBRUt4tCaqw,"{'compound_code': '9JHJ+G3 Haarlem, Netherlands', 'global_code': '9F469JHJ+G3'}",4.7,ChIJeYgZPxXvxUcRPBRUt4tCaqw,GOOGLE,"['cafe', 'food', 'point_of_interest', 'establishment']",431,"Wolstraat 20, Haarlem",2.0,,8819682ed9fffff
OPERATIONAL,"{'location': {'lat': 52.38140619999999, 'lng': 4.628866499999999}, 'viewport': {'northeast': {'lat': 52.38283343029149, 'lng': 4.630244330291502}, 'southwest': {'lat': 52.38013546970849, 'lng': 4.627546369708497}}}",https://maps.gstatic.com/mapfiles/place_api/icons/v1/png_71/cafe-71.png,#FF9E67,https://maps.gstatic.com/mapfiles/place_api/icons/v2/cafe_pinlet,Westhoff City,{'open_now': False},"[{'height': 4032, 'html_attributions': ['<a href=""https://maps.google.com/maps/contrib/107935264674602146345"">JK JK</a>'], 'photo_reference': 'AXQCQNRl0MkX3kyOM7HG6bDKP4k2l4uUdEIqmwa_-akzP9bfXS6C3MDa-cfDEkuY5x-Mp-AESP9-oPPRIQ9cWz5F2j5E6Z6bPx1xJ66x-5pTHvxjPO62q7hcknWSphByFxUreAlMHBWYc88u2jdZrvVQxk9vg9cxGcvxgfGIcnOyzS5Tfm4bllTLHMHo8d3ngQTIeXbW7OEgQKm9bp0m6jbeBVYXxwEGRXtNlyd8P4nHxIXMAHpfUn9WLTzkh_l0k9ldymGSCs0BBOfSaUN77l3WmHXEzTrNL7UHyv_tgoXEpbextWBEk_DoaMcZmpLzbb607ES8yEmNpzqdlw_x-Xoagmov7iM_d0azuRfOAWQndxb0RXtSjzbgZVG9gNz03yMabryGeWcPSdUPjI--zn_EpIp92ViK7qUjak-RXYEkCJMFW0Zj7Y9uXhNko4MGS_fBzh1436RtSkqI-2IVnBqgLLI7b8AojGcvigD7G7WIg0E7S4SWWTKklq8WdIm5feWxx5Umn4z4sO23AWVjzLqbgXDv6qU3Pb7dHxXc9FeFcSEX-Hc5imAPPqn5et-t2HKwtryn76LIhmhOFvlZm9o7kMsI7D0AkaXF22GinumbXR37nM9AuaKQn4EgZ5D18NqJhjF5MQ', 'width': 3024}]",ChIJpZm0CwDvxUcRDGbNrW5UGmA,"{'compound_code': '9JJH+HG Haarlem, Netherlands', 'global_code': '9F469JJH+HG'}",5.0,ChIJpZm0CwDvxUcRDGbNrW5UGmA,GOOGLE,"['cafe', 'store', 'food', 'point_of_interest', 'establishment']",5,"Zijlvest 47, Haarlem",,,8819682ed9fffff
OPERATIONAL,"{'location': {'lat': 52.38029720000001, 'lng': 4.6312299}, 'viewport': {'northeast': {'lat': 52.38142653029151, 'lng': 4.632607580291502}, 'southwest': {'lat': 52.37872856970851, 'lng': 4.629909619708498}}}",https://maps.gstatic.com/mapfiles/place_api/icons/v1/png_71/cafe-71.png,#FF9E67,https://maps.gstatic.com/mapfiles/place_api/icons/v2/cafe_pinlet,Coffee star,{'open_now': False},"[{'height': 4032, 'html_attributions': ['<a href=""https://maps.google.com/maps/contrib/101534008582953595104"">Ania Sz.</a>'], 'photo_reference': 'AXQCQNR4mlg_6C6Va3Erw0drbM14JU0hMGJtgylDM49bzOszMMiP1Ns-wOVzpu6T2G4ljmo-SdrNdEPsRldef1hNxOsnbB5toKrUaHjoCZBJDV9ot4kOrWgnQCK1BIP0ictokFvOcbMMfm2v0G17zVJuLT5fdRnFt6-2NYdssS1KKIfd7G2xVmdcegMo4x76vJpxWXaEu5SpYsEHuzqZ1DzsTEDv3-WIHxUZ7XuThtTZVTYUT2AbJEJwoihlFuZPfkHqwZVdmnb9B74yHxz8w5p1IUaEkGPElGNXCAHTRjwLkzpkPbV6fzdwvSn4k3SYgnQEM6pfWQqvckTBKm8HD6nlJ1XNrGZcHTjhvo8ZvGu77849L1b9knKoj8q6ziybTXOJoKkIf9STDAruW7fqrUvZyBp1feTkxJTW2XophU1gMAJyv_z51eeGII3Z6SFFh1e4BVE4-p3sw703YgQO_A7gQ43xVxaNiO5G3ctogueITnPu5ixXeFa2kWcfxBUfYVkcsDvZJzXTM8Vr_R52anxvbg-YTCNTSkkbXjSVnIOBQqg1d3Gfhrk087NKW9PXn0mciOITBv9hJ1j1fnp_ti6QWOTCtVYXby0jxUAEiT5_GyE2D8CkyxAITRg8CMn8yNXS', 'width': 3024}]",ChIJHUL21hTvxUcRbqg4cz8yHdw,"{'compound_code': '9JJJ+4F Haarlem, Netherlands', 'global_code': '9F469JJJ+4F'}",4.5,ChIJHUL21hTvxUcRbqg4cz8yHdw,GOOGLE,"['cafe', 'food', 'point_of_interest', 'establishment']",31,"Gasthuisstraat 32, Haarlem",,,8819682ed9fffff
OPERATIONAL,"{'location': {'lat': 52.3799228, 'lng': 4.6311661}, 'viewport': {'northeast': {'lat': 52.3812472802915, 'lng': 4.632539230291502}, 'southwest': {'lat': 52.3785493197085, 'lng': 4.629841269708497}}}",https://maps.gstatic.com/mapfiles/place_api/icons/v1/png_71/cafe-71.png,#FF9E67,https://maps.gstatic.com/mapfiles/place_api/icons/v2/cafe_pinlet,The cannabis cafe,{'open_now': True},"[{'height': 4000, 'html_attributions': ['<a href=""https://maps.google.com/maps/contrib/112098292679742501059"">Iris Dahl-kassner</a>'], 'photo_reference': 'AXQCQNSYYNebtACLd6Hppq_ZE2Dd5KbVzPX0ys4BGz_gqPdKiAbGGyl3rM_p1Wwx3L691ovmU5J09QRO4X8iyGI1wqilTZuio9c_tOES3yAc8VZxIXKJgCaOrYOhwzMjyqEt_5KLqnmOdjl678w_MN5Tx2rAAlXwRbykV93CGSNyew8S15YVK2723RHUObXop8RZh_L9BCPjLpcfUN9oTrcA8ws6gZYrcAfCICaMN-jPQaowoH2R9NjIOkfNUlKVe90VZYEzHTXk9pOID4n9AX8xTgqphR3g6VDPEarTUANjjnYyCOBdaleUFz7r6SEP0kbimVAYDazxDH-Ta6KXs73F1uZ0-KAxBMSC2pHgtGlKb6YOAndm7Q6fYCsudBB1oZZ-1_4zkFV3kzVhRBiBhZqnQStHOqtuMi8MJIA0IapRfTGN_k0EUcOSXjU52b1RWOnvtPNNnlNDbDgu1sTReLWfqpJZEXjtcdh1wQU92R_BCg6nLadTOQrgAVGIRSP0b37gb_aF8kv5q7KN0xOiiBgDaOJvAo2_BzTtDyJmbtJocnghBuRYBiWYhsa9FCeMw5tbqlvTZXSBJe5pTD3eW6r7Ho0W0BIm2tkyQVaBXYjrAr-svMp0Aj6IV5tXfTMvm7Fm', 'width': 3000}]",ChIJqxrB9DPvxUcR6ERQSyk9FbM,"{'compound_code': '9JHJ+XF Haarlem, Netherlands', 'global_code': '9F469JHJ+XF'}",4.4,ChIJqxrB9DPvxUcR6ERQSyk9FbM,GOOGLE,"['cafe', 'food', 'point_of_interest', 'establishment']",17,"Barrevoetestraat 23, Haarlem",,,8819682ed9fffff
OPERATIONAL,"{'location': {'lat': 52.37978940000001, 'lng': 4.6311454}, 'viewport': {'northeast': {'lat': 52.38112713029151, 'lng': 4.632522280291502}, 'southwest': {'lat': 52.37842916970851, 'lng': 4.629824319708497}}}",https://maps.gstatic.com/mapfiles/place_api/icons/v1/png_71/cafe-71.png,#FF9E67,https://maps.gstatic.com/mapfiles/place_api/icons/v2/cafe_pinlet,Mogador Cafe,{'open_now': False},"[{'height': 3024, 'html_attributions': ['<a href=""https://maps.google.com/maps/contrib/105120029600420397990"">Hermes van Amstel</a>'], 'photo_reference': 'AXQCQNRaSBIyQy_9Nkblhg0JEU-Ht1ovmA3hWgp-VMgHXRIarGypEgml1KmB1e3p5LC_Cb24y5v43fz-Kw9xu0_HTg5UnDZ58DS654RjLQc-UkM4b96Dh2MDTCvkZI7BjGFt0YpJcqDXFo84nPFw2nO0X_u3qbj5IXIDEfd3Nh2V2463TujWQdusAFbH4JhjDIQEBzFbqMY1Wyy5l-gEleywCkrDFyQb2QfTdcLda8eQR7c3QFaOFuwVGYMEaK18CoRAqYLXPhb7zKpiuqT0XcA13F_6OL2u2dNQFHG-QMgFxd7uCdLdochu0lKG2QjfTA68JjqL9LFeJs30zfQUMHC-tKoqeYl0umEqm-vCl2eT5tANfDTsDLr03PNfgMcPLrOZBKpc0e5x5rmfLldOI6llB3pMZjYlOeOlj2B9wB43uz8X3_rvzXJoQ22SniGn-GE89nq2ADf8ztua_6GdIOcodayUaBCWtH7qeAs5v0tS4_kvNdxVA40sM1stMjjcAmSRCIfILMvaeu_ZbvURPZUCnFwaJUHR3LG1CJ2SK-V1cwB-ElxyKPiGCMK4WfzLwIAnWsey-lSo3n9JuasTetZZLawwF_aBOnETlZn13v40VMNQwJUyXdR6wBJ8axix2Hgfe9mU1qZA', 'width': 4032}]",ChIJ6wYGKRXvxUcRUGdHi7g4yQM,"{'compound_code': '9JHJ+WF Haarlem, Netherlands', 'global_code': '9F469JHJ+WF'}",4.4,ChIJ6wYGKRXvxUcRUGdHi7g4yQM,GOOGLE,"['cafe', 'store', 'food', 'point_of_interest', 'establishment']",408,"Gasthuisstraat 48, Haarlem",2.0,,8819682ed9fffff
OPERATIONAL,"{'location': {'lat': 52.3810154, 'lng': 4.6320116}, 'viewport': {'northeast': {'lat': 52.3823880802915, 'lng': 4.633493780291502}, 'southwest': {'lat': 52.37969011970851, 'lng': 4.630795819708498}}}",https://maps.gstatic.com/mapfiles/place_api/icons/v1/png_71/cafe-71.png,#FF9E67,https://maps.gstatic.com/mapfiles/place_api/icons/v2/cafe_pinlet,Coffee Habits Specialty Coffee Gedempte Oude Gracht,{'open_now': False},"[{'height': 2048, 'html_attributions': ['<a href=""https://maps.google.com/maps/contrib/114850539165701688344"">Jules Kai Seher</a>'], 'photo_reference': 'AXQCQNSHsPeiTKVj86I01mgrDtseYL1Bgn8zazmdAjpa2Vxs1yqxgcivqgQ6xpPKtClTex8ODEhmoTQPpWD9u2KcZRKvjuQKFDXBj772dkFg40Y58bMmqHWGrClakBhajST-WbFh_qSCdNxmVtg6kQmoWXRqSZF2GicrRtz4oAeI0o3RjHhwoOKdfSAKP8za3AnXR7h0FkdoR_DNEHLqUm_17soO3HzwxIow_0u78gurVmBA8h8wfYkMkN9VsU7oFqJXJgngbwwcCh3bGLfvwIWgCaprmwsT51k5O9SCyMJFldDO-DAqUbjrAnkXT8O8E3RHPXcg_IjfbdpA33-nIaOi3i0tG2ZRQit2KQh98XoCh6z7FiVJuRl7tHPJzO25uQIOQM-eIAVLLlOa-OiXWC3ba0JAqDxOKagye4qjJnGFLluwtmXkUPQygbpgxjjiByVLU4lhIfihmnJ_6_F_cWTTOMDBX95dSP64K0spAUdh1y3-qOjV-7oGIGSEGYUxmSYaBsz_mLlHeHBrLOD8niL8jROhP_jf480iPwF3QyMDlU-nZXkQS7OULUmsKmTEir_PDsb7WWiTRStgf1AMx8vpcRy-Evz1AGfU2lfoJ2fFen5aaN2vbZTvt4Ke23FfSj_xlEIobw', 'width': 1152}]",ChIJOR7lVEfvxUcRAij9z4AFJsY,"{'compound_code': '9JJJ+CR Haarlem, Netherlands', 'global_code': '9F469JJJ+CR'}",5.0,ChIJOR7lVEfvxUcRAij9z4AFJsY,GOOGLE,"['cafe', 'food', 'store', 'point_of_interest', 'establishment']",6,"Gedempte Oude Gracht 44, Haarlem",,,8819682ed9fffff
OPERATIONAL,"{'location': {'lat': 52.3791695, 'lng': 4.632051000000001}, 'viewport': {'northeast': {'lat': 52.3802857302915, 'lng': 4.633361680291502}, 'southwest': {'lat': 52.3775877697085, 'lng': 4.630663719708497}}}",https://maps.gstatic.com/mapfiles/place_api/icons/v1/png_71/shopping-71.png,#4B96F3,https://maps.gstatic.com/mapfiles/place_api/icons/v2/shopping_pinlet,a good year - NATURAL WINE,{'open_now': False},"[{'height': 4032, 'html_attributions': ['<a href=""https://maps.google.com/maps/contrib/103061516445468460581"">Dusan Grenar</a>'], 'photo_reference': 'AXQCQNT9HgVr47_EP9YSXsxb7sMP63GnpCLVKs7V6Rf-elZOA-p5ek8CJoj_lUlGLTbwjPvTobx73Dp49dlescsIjNwfVzucQEIamWPUhObOk_aqNeT5bRkEbZW3DeJiWJ3jhHt61-_0okQNhLgvZEsX7JAuGRXTcAAlinuplR4I4iEHbw6nXoK7jvYOxGg76j7xl1vboVhaj1glzW1NWdoInNO8QZ-rZM5awOH4ZfZexfHlAZ8V-22luV_802vIxT9cG3oWctjuR81HWgJoMfcDqLGfjgmTUFj-oqfDlkFK8bQ9O8sA8vQmm_FbB3xokKUiO5ePS2a8LR-JZmOBr0ReuiZd47iN2mU7DqpXj13oNsMeCwZ4hSiW9ypuv3Ri3yFxMCnmfl5mX2ompCP85goU_KqlzkUXnGYWu_R66SvkzwXLhb1HmZuyqP_bI5D4xuTRGjLTVopgvrY6N7Y5kmFsKmuoaUgW08F-1L1SakMgWbxxh5PFm2YpZ7WpTLTy8IkqDqohcrqr6pANzBzs5BrqBEpBaBL47wxtq8PM55VGVBBGTv70kahXPdodvik9Wpbht-wtd8axZWROBV8gALe3HBAE9r_MyQJpoxRzNMToYilEolIr2vPEdlHG2z1RLJoK1w2Xdw', 'width': 3024}]",ChIJSVXw5LDvxUcRg9OGVvV3V_0,"{'compound_code': '9JHJ+MR Haarlem, Netherlands', 'global_code': '9F469JHJ+MR'}",5.0,ChIJSVXw5LDvxUcRg9OGVvV3V_0,GOOGLE,"['cafe', 'liquor_store', 'restaurant', 'food', 'store', 'point_of_interest', 'establishment']",31,"Gierstraat 14, Haarlem",,,8819682ed9fffff
OPERATIONAL,"{'location': {'lat': 52.3791695, 'lng': 4.632051000000001}, 'viewport': {'northeast': {'lat': 52.3802857302915, 'lng': 4.633361680291502}, 'southwest': {'lat': 52.3775877697085, 'lng': 4.630663719708497}}}",https://maps.gstatic.com/mapfiles/place_api/icons/v1/png_71/cafe-71.png,#FF9E67,https://maps.gstatic.com/mapfiles/place_api/icons/v2/cafe_pinlet,SLOOW Coffee & Food Lab,{'open_now': False},"[{'height': 3024, 'html_attributions': ['<a href=""https://maps.google.com/maps/contrib/117358899441196514274"">SLOOW Coffee &amp; Food Lab</a>'], 'photo_reference': 'AXQCQNTTLImE1R9LwIAe_CEVvM2i-Y30GMeH33bnqeBSKA__ziv05yfWq0SjQaqhcbhrUwBb62Qm86qrrj0fZO1ejGj9xwi_VU_aRQgyuG1CUmsxaR9nc0169VQzIdg3mPGQuO6-tM_-dRJcPQgG7ZIF3rYWX5RWQciwNxSkjXqkDcLqh3Zpjs-EAhUOs9B8kQQrWtv5ld3IIMuA3-uwHW6elpFEnBwYqFTIFIL8tJmTMUbwmEV9WfpKAbX4F2v7KKwpkqbx7q7fY7YRdbu6osSSOjnHQQ9zH0Nau0iNK4_ZcALq3MALk6Wyjfu2TOGLmwIIK9I4k347ifM', 'width': 3024}]",ChIJIeEyDCfvxUcR0EYazW7mcY0,"{'compound_code': '9JHJ+MR Haarlem, Netherlands', 'global_code': '9F469JHJ+MR'}",5.0,ChIJIeEyDCfvxUcR0EYazW7mcY0,GOOGLE,"['cafe', 'food', 'store', 'point_of_interest', 'establishment']",1,"Gierstraat 14, Haarlem",,,8819682ed9fffff
OPERATIONAL,"{'location': {'lat': 52.3798199, 'lng': 4.632469899999999}, 'viewport': {'northeast': {'lat': 52.3811987302915, 'lng': 4.633993030291502}, 'southwest': {'lat': 52.3785007697085, 'lng': 4.631295069708497}}}",https://maps.gstatic.com/mapfiles/place_api/icons/v1/png_71/cafe-71.png,#FF9E67,https://maps.gstatic.com/mapfiles/place_api/icons/v2/cafe_pinlet,STACH,{'open_now': False},"[{'height': 4032, 'html_attributions': ['<a href=""https://maps.google.com/maps/contrib/118406110655636683797"">STACH Food Botermarkt</a>'], 'photo_reference': 'AXQCQNRXfRtbIqdNNoa9Bw_xYY54CQ9g2B7ILBciT5bMFTHhsYEK_VyycJ6AmuVfI31CwaromvnAPoAx7z_j9WetxlQpNWueZFB4yANBJPuX4vucrKqVGArP4JxBW37nwgtezui1dZL-roYGBHruYnPyakk_1UyriIFZwS8iPrOsyTGBYY_Ls1jPiT_zIibnXl7dSIxzUsHV3wcx1OOurOGyWzk0z2dukbJ3Kcs7GkUkYJOhahmCfgg-uLXyStDzoLYO7JCZOLl1HdGSU9VzzCRGmhy9_g6HJGwYaanXWgoQj7MlM_TEbWg1s54-ne8F3rPntMLUQrUtTZ4', 'width': 3024}]",ChIJf_oRV9nvxUcRR6d0V4i18EY,"{'compound_code': '9JHJ+WX Haarlem, Netherlands', 'global_code': '9F469JHJ+WX'}",3.9,ChIJf_oRV9nvxUcRR6d0V4i18EY,GOOGLE,"['supermarket', 'cafe', 'grocery_or_supermarket', 'restaurant', 'food', 'store', 'point_of_interest', 'establishment']",143,"Gedempte Oude Gracht 80, Haarlem",2.0,,8819682ed9fffff
OPERATIONAL,"{'location': {'lat': 52.3807173, 'lng': 4.632714900000001}, 'viewport': {'northeast': {'lat': 52.3821388802915, 'lng': 4.634080530291502}, 'southwest': {'lat': 52.3794409197085, 'lng': 4.631382569708498}}}",https://maps.gstatic.com/mapfiles/place_api/icons/v1/png_71/restaurant-71.png,#FF9E67,https://maps.gstatic.com/mapfiles/place_api/icons/v2/restaurant_pinlet,Vinchi ice cream parlour,{'open_now': False},"[{'height': 1848, 'html_attributions': ['<a href=""https://maps.google.com/maps/contrib/113641984167859174504"">Vinchi ice cream parlour</a>'], 'photo_reference': 'AXQCQNTHwT-BdLecMT0g-0j9PY7nKNXQlQyt02ek_ohVsECsA3dPkgLUpWT2Y9f_NZXnJb3mYNNWDRUMGRrxfs33AAIrcDj4q3aJO7ulxiAQZYfFSuHsHdFtSRdMTfzMMghHQF_iAOQGwwkyUWyZjBKYIFPeVnyM1se08ycUNCh1i1oDba8y-1RJG5A7d3y00tzrljYMZfoVGfZz7537JE16H0Tak9PpCqimic6FAYXoAfS97tL15EsYWF0pSGoCV9eDXTIwAYeN-sQjXOA0ycwfescafOLQ0HRrefoIXA5p3dzj8JQLO-VJlS76A9YvfUA8DlRUPtW5QY8', 'width': 4000}]",ChIJ62y3zVbbxUcRt7E8S88rDds,"{'compound_code': '9JJM+73 Haarlem, Netherlands', 'global_code': '9F469JJM+73'}",1.0,ChIJ62y3zVbbxUcRt7E8S88rDds,GOOGLE,"['cafe', 'bakery', 'food', 'store', 'point_of_interest', 'establishment']",1,"Gedempte Oude Gracht 49, Haarlem",,,8819682ed9fffff
OPERATIONAL,"{'location': {'lat': 52.3797404, 'lng': 4.6238437}, 'viewport': {'northeast': {'lat': 52.3810052302915, 'lng': 4.625109780291502}, 'southwest': {'lat': 52.3783072697085, 'lng': 4.622411819708497}}}",https://maps.gstatic.com/mapfiles/place_api/icons/v1/png_71/cafe-71.png,#FF9E67,https://maps.gstatic.com/mapfiles/place_api/icons/v2/cafe_pinlet,De KoffieKuip,{'open_now': False},"[{'height': 4032, 'html_attributions': ['<a href=""https://maps.google.com/maps/contrib/109496382553868321954"">De KoffieKuip</a>'], 'photo_reference': 'AXQCQNTLNuRkgy4FjnvfnN5kitGlUI7DGQDDqSXZCvon596EU6iPB7rpCfl6ZjrUMvKkH2roxieiInYMaRp0Y5A4JAB6U7pgndAmiu3yjLdl_lE1NCpi1xCx98XmTAAMPDgjyRbEFetUT2_0OJoiOVYZj-BIxZbRpCem47b9GsjEMdZaS86QnkkhVEtIpo9ofuyviyezaHAy9l72X9_pCV5qVCAX-fCP51rPH-7C5w1hXqltX3o9nxOnQaLI2OQVzeLYc12lBsgs2QbAsJ0QlMKm80wm01ZQ3O2nudWkDzzBpz789A807nLM_zrx-zCIYpsuxcIpZHQAiNg', 'width': 3024}]",ChIJey0qavfvxUcRx9qbi3OPjjs,"{'compound_code': '9JHF+VG Haarlem, Netherlands', 'global_code': '9F469JHF+VG'}",5.0,ChIJey0qavfvxUcRx9qbi3OPjjs,GOOGLE,"['cafe', 'food', 'store', 'point_of_interest', 'establishment']",5,"Leidseplein 49, Haarlem",,,8819682ed9fffff
OPERATIONAL,"{'location': {'lat': 52.37834350000001, 'lng': 4.6315897}, 'viewport': {'northeast': {'lat': 52.3798827802915, 'lng': 4.632950830291501}, 'southwest': {'lat': 52.3771848197085, 'lng': 4.630252869708497}}}",https://maps.gstatic.com/mapfiles/place_api/icons/v1/png_71/school-71.png,#7B9EB0,https://maps.gstatic.com/mapfiles/place_api/icons/v2/school_pinlet,B.R.A.S.C.O,{'open_now': False},"[{'height': 768, 'html_attributions': ['<a href=""https://maps.google.com/maps/contrib/110710730171742802352"">B.R.A.S.C.O</a>'], 'photo_reference': 'AXQCQNR2GM3w9OhHO1XDbYD57DWas2oKz9YXB3_nvGxZ2oeIlCrNFSVGpI3GvrxcoB9UXthvHTFnq_krUuLw8qT2Dxnnnx3y33Se1cwgbWhZhjxHrzINOfEYdoJF5uQEFk0xHR-2Y-ThObohT3tK7RrH6XPEMdSJaklGbeihVAQglFb67Z9eJyRry1BIuwUzLMjTBoSwUgUwKCFym1gloSTpM18nsDH4UUydA-Lr5vCU-49BmjG6faBnaHIzuFG92i5c8VsOl8_DbQOhZO7DYEKbJjSoqdmI5bpbtmKXHMoxgSYgEU5KEqitJNq5DHf9KyJbI05AuU6DUwU', 'width': 1024}]",ChIJRWZ_LrHvxUcRD1feciKhvug,"{'compound_code': '9JHJ+8J Haarlem, Netherlands', 'global_code': '9F469JHJ+8J'}",5.0,ChIJRWZ_LrHvxUcRD1feciKhvug,GOOGLE,"['cafe', 'clothing_store', 'food', 'store', 'point_of_interest', 'establishment']",20,"Gierstraat 59, Haarlem",,,8819682ed9fffff
CLOSED_TEMPORARILY,"{'location': {'lat': 52.3828827, 'lng': 4.630929699999999}, 'viewport': {'northeast': {'lat': 52.3842162802915, 'lng': 4.632256880291503}, 'southwest': {'lat': 52.3815183197085, 'lng': 4.629558919708498}}}",https://maps.gstatic.com/mapfiles/place_api/icons/v1/png_71/cafe-71.png,#FF9E67,https://maps.gstatic.com/mapfiles/place_api/icons/v2/cafe_pinlet,SweetGuy Cafe,,"[{'height': 1200, 'html_attributions': ['<a href=""https://maps.google.com/maps/contrib/115864473660768548050"">Hicham El Kaddouri</a>'], 'photo_reference': 'AXQCQNRevMlez3TsFFhb0MqoRClzgSkq2jYwHgqEWpAHmLz4Ff1L1FSsPv2a4gZYCqvKQpJFEIrmoiltgr-t21Jqpx0EhYr-7m1dhPO99X5HDCCiJV17eqYgx7fB4XX863bhvU8R7o0yc54p0vqJtxJI9rA2Ydl2ic2_sFu48kuj4Zl2YfpPHHU-RLttvy_vJGTG_3U-9T1--BCTpnH2oNjHuglUBxzBFWcsCBRzDKpRqGW4eYtsLMtNw0NNlnGXkZ_Kw1BX32hTxKTrf3F84H328B929QH4KWJR193mi3q6E-7IZ_quqHE1IORs-w5Cz-XNOMM_Ney2DxD8jlhRxVqdbzlwzSjPhOB3j4u1Z6Zp9FIYG_JPTfCs_1nFvpMf1FTdir8mTsXcTFTHOJFlyE1lqb6zOYciRxLOD8yEbxxyeTzEqdGFRM8PUZbEKh2kAWRSv2ki_5Ni_WJRdEi8HPUx_ikbPmh-l7fkcrTNFE8Fbna0kOPq_2HQR_04Ylewhab-S45SpdU89OqZ17Emb8YBWvBF-Q_6rpT6wsAt7WynQLLyCxGmYW0vk1P-qCD88lYRhrRAZA39UmTQRWI8H2WQI3X8vW-wYVJXMnv9kOlf92SJ_i9q5QqR7JLz0YTcf51TybbApQ', 'width': 1600}]",ChIJQ5b8RhvvxUcRCrGuprC0wOU,"{'compound_code': '9JMJ+59 Haarlem, Netherlands', 'global_code': '9F469JMJ+59'}",4.3,ChIJQ5b8RhvvxUcRCrGuprC0wOU,GOOGLE,"['cafe', 'bar', 'restaurant', 'food', 'store', 'point_of_interest', 'establishment']",14,"Zijlstraat 23, Haarlem",,True,8819682ed9fffff
CLOSED_TEMPORARILY,"{'location': {'lat': 52.3828827, 'lng': 4.630929699999999}, 'viewport': {'northeast': {'lat': 52.3842162802915, 'lng': 4.632256880291503}, 'southwest': {'lat': 52.3815183197085, 'lng': 4.629558919708498}}}",https://maps.gstatic.com/mapfiles/place_api/icons/v1/png_71/restaurant-71.png,#FF9E67,https://maps.gstatic.com/mapfiles/place_api/icons/v2/restaurant_pinlet,La Piadina - Coffee & Brunch,,"[{'height': 2016, 'html_attributions': ['<a href=""https://maps.google.com/maps/contrib/118009004356520215157"">La Piadina - Coffee &amp; Brunch</a>'], 'photo_reference': 'AXQCQNQ1tC7UO5H3lZ5_tBwslFmKUInY7EjlZ2uRVGGqbUsnE90M2t5F3wrY1YecnyWBTLwbPsw8oZVxwtTPkK-w2vChnoP18df9OvyJhyEwktRwZcx3l7pIV_91apL36A0Fbv6bQ-fLNncoVxiKaF7fuAhb0XY8osqWn8TrFx9Nx1Ee-PCs6o-wczpdEXHDRUrTs_o3fW539vKkOkBVYJhEJBAr-hcmTRu8pdMpXTTNcG6rudO7A5HZz8mLgVBQTFUSmCsoZAFSDQrUWn5RMkQfw0Xw7pexhRnbfYaZntUvdQ5COANHRD7Tx8Z1-r7ShKUO3H0zgRooSK4', 'width': 1512}]",ChIJKS0CO7_vxUcRy6dV9pAukoM,"{'compound_code': '9JMJ+59 Haarlem, Netherlands', 'global_code': '9F469JMJ+59'}",4.6,ChIJKS0CO7_vxUcRy6dV9pAukoM,GOOGLE,"['cafe', 'restaurant', 'food', 'store', 'point_of_interest', 'establishment']",50,"Zijlstraat 23, Haarlem",,True,8819682ed9fffff
OPERATIONAL,"{'location': {'lat': 52.3778577, 'lng': 4.631224200000001}, 'viewport': {'northeast': {'lat': 52.3794382802915, 'lng': 4.632346380291503}, 'southwest': {'lat': 52.3767403197085, 'lng': 4.629648419708499}}}",https://maps.gstatic.com/mapfiles/place_api/icons/v1/png_71/restaurant-71.png,#FF9E67,https://maps.gstatic.com/mapfiles/place_api/icons/v2/restaurant_pinlet,Romeo's,{'open_now': False},"[{'height': 4080, 'html_attributions': ['<a href=""https://maps.google.com/maps/contrib/116600115191007863794"">Romeo&#39;s</a>'], 'photo_reference': 'AXQCQNRw_kFO8zblk6iKTEE2rrqJdZHxROmdQHeUlsYLSe0hob7sYfMUsnqkeGjqOQxg0_JVIN09i5jPtg06CdFLwGao0KbQmTTe5_H6QMMwwuEZwTSL2RY7MBmomhmU1pki9XqjqNc3G1UgOi9szZTLH0BTyMX8QEOAnXAbZnWHsuxRy0SzXWJ1YYdSDC4Xb1pJ4HoQD81q4exul5T36BelRwKcoMHXz1cbeTMcxAX3alzTRW7TH-VdAF_m00wvtrRS8Zpx8JIW3Dt1nVaYwzZ-8WqCb13GKBL5ruExGUm8svWO5f9Sn-XnNmi913ZGJAo-gljvMbWR5Sg', 'width': 3072}]",ChIJF-XCuaPvxUcRNAew4hYWGF4,"{'compound_code': '9JHJ+4F Haarlem, Netherlands', 'global_code': '9F469JHJ+4F'}",5.0,ChIJF-XCuaPvxUcRNAew4hYWGF4,GOOGLE,"['cafe', 'bakery', 'restaurant', 'food', 'store', 'point_of_interest', 'establishment']",500,"Gierstraat 70, Haarlem",,,8819682ed9fffff
OPERATIONAL,"{'location': {'lat': 52.3784573, 'lng': 4.6324095}, 'viewport': {'northeast': {'lat': 52.3799149802915, 'lng': 4.633467480291502}, 'southwest': {'lat': 52.3772170197085, 'lng': 4.630769519708497}}}",https://maps.gstatic.com/mapfiles/place_api/icons/v1/png_71/cafe-71.png,#FF9E67,https://maps.gstatic.com/mapfiles/place_api/icons/v2/cafe_pinlet,Darras Coffee Roasters Haarlem,{'open_now': False},"[{'height': 3072, 'html_attributions': ['<a href=""https://maps.google.com/maps/contrib/103279965237955031493"">Tigran Sardaryan</a>'], 'photo_reference': 'AXQCQNRpDpLAt0M5RmwmCUbywZV40O74PtHNRymLIkhN3Nr4_hhTWzCy9NyNdVBE2zCTjBpAIL819zzjSEAFkYjn4cltg2XMhOX8egMdm20-rVTMZOyaRorPaFUaVHbyA7lS1oqSXMUvnExS7TI4qPXicyouApX1yW3W2lp3gvGZ1uOAi2M1i1Ii9FyDmxNsr0FVld3AFXPHiRvrYjUvBiNBN68K-GcNpgGQlepfuaAd9dD7e9A1QJluLNHBwb8FQjPuUkTVgywbjc6RPUnb8B4z8VR-WdkPRZKncXAQ3FY5u_u3y7lLn4i7hTJOYsYhSlcexu2fH0JBKXq94KZqSOh7HLIUmHsOjFUlkE_aWBMeRNW9mVS6qlJtT5xH0bsGatrScbuaVfXa7HHv8VA8UKEyqF8g9KME9wFyPU5zHD4jyYGqEDEtU2ZLc8kt0PrVttYZmSmRTUuTsykhwZi5JHUE-VHugPOYOfnDEAnZ0qZ9SUOZt1GCM9Je3fWq3A_ht_ZlTIjvSs3pmDtCZIxBujmusPW_-nbOiwERFu_PhpwdLIU_V8qmiAzk9A-HzddshlFWVHms0etQoYk5QHO9aShXjXIAg2xAsstsBaJSteLnqKJWFA27t2gzLy53K_ZypA7G', 'width': 3072}]",ChIJQ0KlBwDvxUcR1MPQCCv2lyM,"{'compound_code': '9JHJ+9X Haarlem, Netherlands', 'global_code': '9F469JHJ+9X'}",4.9,ChIJQ0KlBwDvxUcR1MPQCCv2lyM,GOOGLE,"['cafe', 'restaurant', 'food', 'store', 'point_of_interest', 'establishment']",120,"Grote Houtstraat 102A, Haarlem",,,8819682ed9fffff
OPERATIONAL,"{'location': {'lat': 52.377138, 'lng': 4.627683099999999}, 'viewport': {'northeast': {'lat': 52.3784547302915, 'lng': 4.628985980291501}, 'southwest': {'lat': 52.37575676970851, 'lng': 4.626288019708497}}}",https://maps.gstatic.com/mapfiles/place_api/icons/v1/png_71/cafe-71.png,#FF9E67,https://maps.gstatic.com/mapfiles/place_api/icons/v2/cafe_pinlet,Maeva cafe,{'open_now': False},"[{'height': 4032, 'html_attributions': ['<a href=""https://maps.google.com/maps/contrib/103348127251860890692"">Maeva cafe</a>'], 'photo_reference': 'AXQCQNSwSfh2TXH4_JLQ4I7WPsTKQoH2WiWNqw7zLTGJCTNu2Hr8ZwxC3CPGnPMK9syRIewFGeCWNdC5-wWRc0NiJNU1b1E6_vq3vgIrKyXwrJqfrkD6tI5kpS4LRPdsxYKLRF8Bunb8PbPgkF5fSXNd1Uf1CijMnscKR4rBwEncVHdzgsY0g3QdyC19JLDc_lm_GpD18n9iW4-zHI6WIlkWNHeQnX1AAEHxrlqCqx18bORyzD3nQfYkO-FuRzG1Ou-jENYvlhKqz3PWWSuLUJRZTF1Qbd2wGgM5BuuWqZE-CRWufD7SEP6-3TjEEku4diyEakkYM5EFIrs', 'width': 3024}]",ChIJaxxOPnjvxUcRsTievnR8zEE,"{'compound_code': '9JGH+V3 Haarlem, Netherlands', 'global_code': '9F469JGH+V3'}",4.8,ChIJaxxOPnjvxUcRsTievnR8zEE,GOOGLE,"['cafe', 'food', 'store', 'point_of_interest', 'establishment']",125,"Raamvest 5, Haarlem",,,8819682ed9fffff
OPERATIONAL,"{'location': {'lat': 52.38218999999999, 'lng': 4.632949999999999}, 'viewport': {'northeast': {'lat': 52.3835815302915, 'lng': 4.634558180291501}, 'southwest': {'lat': 52.3808835697085, 'lng': 4.631860219708497}}}",https://maps.gstatic.com/mapfiles/place_api/icons/v1/png_71/restaurant-71.png,#FF9E67,https://maps.gstatic.com/mapfiles/place_api/icons/v2/restaurant_pinlet,JOE & THE JUICE,{'open_now': False},"[{'height': 4032, 'html_attributions': ['<a href=""https://maps.google.com/maps/contrib/114906882262077172272"">Stepan Suvorov</a>'], 'photo_reference': 'AXQCQNR06OUfSk8RSaF9CU-PlJOrHEf71UptSAkfgOIkugPmloyGa41DzrUx95NM9q4i0OAQZAjflqiRuSvoIL210DmiYjL7FuujdtNriyZ1ozhoUg6FRp8gLLLonkkPP09aOfgCbNUn4TffnQ94yqPk3UqAC0gjW1OkholTWjyEqrTIGGVHfo4R9aGgevSAX4TxeFefWfIIld9EdSYqm7-k3jjBJ1Lv9oGdspcKAJuUtH0i-di05KBtrN36P3edGqvaaqSDzREm34r2KrfbJ5yCjTpeG6gObvNYLhG-qQn73ZgtRa54kz8J_zF9VDcYA-EyS7EbcFvJO97T7UohvoggqE_ScvQ0Zw9B0oOOT9PwmfEh5lpQr9oWqdaLnjuYVvBjFD49pX9seLGu93Ab3X7GyktfzttgCvMieOmA68VDMO-nDFsOODg9yHLE8W3SJqS3Rn0KPIH7ZaD8XUKmp3BUEq66NsNtAFFyyJaTFN8KO_GfN0VOuSRVd5IcDZRHGf11ds9Vn50UFLd2Fpy54GQ6lT15kG6qpprxWd9OEM9qRGvUQY4FU8a2eOMVJIk7p7qwdOI8oDvV13L-lYrWvM8eIYQJxtgwVla5KqAn3TJW_-f-7eHYAS1egDFu-14ZST_IruRZ9w', 'width': 3024}]",ChIJEZsb8CzvxUcRfVJVq_m-9F8,"{'compound_code': '9JJM+V5 Haarlem, Netherlands', 'global_code': '9F469JJM+V5'}",3.4,ChIJEZsb8CzvxUcRfVJVq_m-9F8,GOOGLE,"['cafe', 'restaurant', 'food', 'store', 'point_of_interest', 'establishment']",111,"Street, Zijlstraat 68 ZW, Haarlem",2.0,,8819682ed9fffff
OPERATIONAL,"{'location': {'lat': 52.3791993, 'lng': 4.6334808}, 'viewport': {'northeast': {'lat': 52.3806409802915, 'lng': 4.634786180291503}, 'southwest': {'lat': 52.3779430197085, 'lng': 4.632088219708498}}}",https://maps.gstatic.com/mapfiles/place_api/icons/v1/png_71/cafe-71.png,#FF9E67,https://maps.gstatic.com/mapfiles/place_api/icons/v2/cafe_pinlet,McCafé,{'open_now': True},"[{'height': 4032, 'html_attributions': ['<a href=""https://maps.google.com/maps/contrib/109068318188066965880"">Olga Abramova</a>'], 'photo_reference': 'AXQCQNRUJa0dh-1NC6qn2tOBGZ8yXXOgYfP6A_hILd5O-oXvCsaiLcQu5FM5W-LZIGcTpWdLf1N5Gun-jdBgHlsq-D92ZQAhlq4eKLFO2ZTJh7ZeDIqoevma-rekIDbM2Tpwv2UT1glyO9hK3IYbR06J91ij1wVqp7SBajVyRiJyiSDjKon0U2X2n10WY073hWtwjzrzKx3qC21FwXX8nRFgRVdiIYUJfuMTrSMGS-DS9JHOxne4O6avky2o7rITm4Mp3ng9Zi3MYbF9-WmmLCVk2SUEr9Hr_8Fo2Q8npvEkuKtZf79Xj5HHWZjJhDoPUD251XvQ3fLaAnyQNI4SesK9hPS_ZyNqT5MkFGWYVuREDiX1A59-ZqD5aF_2pQjRNwhuBEzam9ZTQfbLz3Wl8r8FOTZzegKZULIrUIRuphX1zpLlkgx2G93N1WOpmMiLCm2_eq100DaeS1-1VRXYlSnP7TT1A2Hj51r3hViij0rODpjKp3JN5V1IuX3xZfkfHMUYIw3Pxa0bnSqQ5ydnhTq8HHBfjtXPyESbDeC_lnOPli4JitBUPSqxh2gCL2lflu_jKMPJ-YsVZba023_m9aPRxbiGIf-iBqy4ZnWunziJYTKFgx5CHqJMiY84tGERsnBE', 'width': 2268}]",ChIJFYSOZ5DvxUcRb-EX0SWtCaQ,"{'compound_code': '9JHM+M9 Haarlem, Netherlands', 'global_code': '9F469JHM+M9'}",1.5,ChIJFYSOZ5DvxUcRb-EX0SWtCaQ,GOOGLE,"['cafe', 'food', 'store', 'point_of_interest', 'establishment']",2,"Grote Houtstraat 75, Haarlem",,,8819682ed9fffff
OPERATIONAL,"{'location': {'lat': 52.38029139999999, 'lng': 4.6338567}, 'viewport': {'northeast': {'lat': 52.3813481802915, 'lng': 4.634787280291502}, 'southwest': {'lat': 52.3786502197085, 'lng': 4.632089319708498}}}",https://maps.gstatic.com/mapfiles/place_api/icons/v1/png_71/cafe-71.png,#FF9E67,https://maps.gstatic.com/mapfiles/place_api/icons/v2/cafe_pinlet,La Maru | Coffee & Bread,{'open_now': False},"[{'height': 1487, 'html_attributions': ['<a href=""https://maps.google.com/maps/contrib/115514304065935767002"">La Maru | Coffee &amp; Bread</a>'], 'photo_reference': 'AXQCQNRa_J4Run41GpTuCPYzinLJWts8CnDw27fs9Dc_3rT95UPf5qfaD2JVu0IPzRMq35ARpXvPFf9i6HKFVIbfSN7wNS6cezt2T27iqWKfQj-RwD3TkSsC9GTBhxFFKUy3eObSgIQx1sXJhhiStqWQY5D8rOSvUHhdEmGBl8S-BfwZhYg6vInV2fwlkC2VgiL9bD-zbR2TJoua9ndCCMzRhqnZw_DSSuEj9G66GkWsa6TRLyBNwgEqgg8-UGEfjGT9OOKe3sBrr5nxzD5l1lGHBLCXr2MHhCy67mWo8Gpl4Ox8TZhfcxhRgll-OaDkyMhdnqTdZaacOWc', 'width': 1986}]",ChIJFenDmyjvxUcRh7msutpbMyU,"{'compound_code': '9JJM+4G Haarlem, Netherlands', 'global_code': '9F469JJM+4G'}",4.4,ChIJFenDmyjvxUcRh7msutpbMyU,GOOGLE,"['cafe', 'bakery', 'food', 'store', 'point_of_interest', 'establishment']",257,"Koningstraat 36, Haarlem",,,8819682ed9fffff
OPERATIONAL,"{'location': {'lat': 52.376903, 'lng': 4.6300192}, 'viewport': {'northeast': {'lat': 52.37829778029149, 'lng': 4.631311280291502}, 'southwest': {'lat': 52.3755998197085, 'lng': 4.628613319708498}}}",https://maps.gstatic.com/mapfiles/place_api/icons/v1/png_71/restaurant-71.png,#FF9E67,https://maps.gstatic.com/mapfiles/place_api/icons/v2/restaurant_pinlet,ti bisou crêpes boutique,{'open_now': False},"[{'height': 3750, 'html_attributions': ['<a href=""https://maps.google.com/maps/contrib/113323817272689895866"">ti bisou crêpes boutique</a>'], 'photo_reference': 'AXQCQNR68hUnfJXfdw2Qep6dhm_gCGwVE5aQJs7bJ1NjAKzHsYEKnLF4neoLYZqIhmfjH9s2KtvId3VgDw4j2qL7AlK21u9ZJJUZ3jmTF-t2YaRZ0uw_wJ9K1UsEPBSE0YZzsn04Ba3KohXk1I6Hp4jON5CDnKv2ESP2wgU9hG0ITYSJ3xjcqlnZIKvCCPP70b3CSHpukT7V2wbl0bsRTE5wep_FbZg7E_PmPezJLqm0p14VNDU9VQ28zpQnie5V5uwfmjgHU2GikUtPw6xlHtcnOjYIA4w8l3RdaoQKVjo2zzcB19dmP4mhAahqLTwD76hLF5P5lQ2F', 'width': 2500}]",ChIJ62nQ1YTvxUcRK1KVH2q_psw,"{'compound_code': '9JGJ+Q2 Haarlem, Netherlands', 'global_code': '9F469JGJ+Q2'}",4.8,ChIJ62nQ1YTvxUcRK1KVH2q_psw,GOOGLE,"['cafe', 'restaurant', 'food', 'store', 'point_of_interest', 'establishment']",446,"Korte Houtstraat 4, Haarlem",,,8819682ed9fffff
OPERATIONAL,"{'location': {'lat': 52.3837941, 'lng': 4.6333685}, 'viewport': {'northeast': {'lat': 52.3851701802915, 'lng': 4.634632630291502}, 'southwest': {'lat': 52.3824722197085, 'lng': 4.631934669708497}}}",https://maps.gstatic.com/mapfiles/place_api/icons/v1/png_71/shopping-71.png,#4B96F3,https://maps.gstatic.com/mapfiles/place_api/icons/v2/shopping_pinlet,Takeaway Coffeeshop,{'open_now': True},"[{'height': 3468, 'html_attributions': ['<a href=""https://maps.google.com/maps/contrib/100772243254731783665"">Tamas Voros</a>'], 'photo_reference': 'AXQCQNSe-g8iJuI3LqULRm8QUaJ8MRuObOgDZEOhyTkGNWWBuiESEqY7nGL98aGmMNNKuDFsvaLgfD2Y1IxIjMxAymPCyZKah1H_Pz5AlN1-2zAhLR1KXnevwAsWecXvPSgFkqSoM_4ahqHUSWMDcKOZBHo61zDw3SdQA7qUJ2iAvQ5AJoF-3pefH60PWXQB7F5K9o5_g31qzDEkjKHfVRt1AIryhIFTvRTr6EVCaerdobddw48nJHnLiSXNOZKLwqO2uu3pt8f-_iXLPrxgyM9EGBRvOzatnFeu0XdVT_v4ZFasDL7fFEOaH7tXuEWdnoAKlVtIwmRVpTiDZ9eWz0iEmgMN8Apo10IV27azdedkI7JO3sgZuqOeF1K4GUpaf9Kiu7aN0tKlnyDz11rKPd7JhVuMrBpZGiNzQDKOauQPWxkfr3neZIgcvfeL2Sl9ae6nxcBH2V8EcjNI1ZWnundj96e5dtDKIHnFO-T5xDxPB5k8kj_yq4NYG724f1LPby4TuxQNbZrhLU-oaCJa256Fc4-kRu4c9wpL_LtK7K183JUXHp4v7exxRJrUU-yozS6H4nhaT_qbqUjbleC6UzACFBb0JckusAZ5oLeuv5HL6bGKD6wQXpfoZtA6reo9GybHvnl39ASL', 'width': 4624}]",ChIJyZtHuGzvxUcRklmCUu2Q11Y,"{'compound_code': '9JMM+G8 Haarlem, Netherlands', 'global_code': '9F469JMM+G8'}",4.2,ChIJyZtHuGzvxUcRklmCUu2Q11Y,GOOGLE,"['cafe', 'food', 'store', 'point_of_interest', 'establishment']",233,"Nassaulaan 54, Haarlem",,,8819682ed9fffff
OPERATIONAL,"{'location': {'lat': 52.3771837, 'lng': 4.631427400000001}, 'viewport': {'northeast': {'lat': 52.3780439302915, 'lng': 4.632652830291502}, 'southwest': {'lat': 52.3753459697085, 'lng': 4.629954869708497}}}",https://maps.gstatic.com/mapfiles/place_api/icons/v1/png_71/restaurant-71.png,#FF9E67,https://maps.gstatic.com/mapfiles/place_api/icons/v2/restaurant_pinlet,Mama’s Soup Haarlem,{'open_now': True},"[{'height': 1152, 'html_attributions': ['<a href=""https://maps.google.com/maps/contrib/107321250589125208591"">Mama’s Soup Haarlem</a>'], 'photo_reference': 'AXQCQNRQGPoZ2VUmwQ4kiZcOONWW6Tu2JI0qOnN-12ufS37WY0OaGRLi64TF5q9_FP47OK6NIf-zass1c6YWw4dktgvBejfGYTtsybV3wr32cf_h6iiHu3txq5TnQx2owSEJnsOVLHMftaAtgMBCp0nfg0hWJ55sPRqTbONtLaxF_Y6Wnj8-pizKg2soBc8qs_MnAldGh-UNK5ATgo80IrDtCnHKQIvMMCv-ZT6z6E8Cfp2YYulgHyaq_hfnX_tKSTi627IAqr8guUgT5UJ0UpCxELJzLwOMxdHSTYWySpRjfUzXbuxu2L4ZTboiAtyezlJN5ndCqNCiw1A', 'width': 2048}]",ChIJwRyFZoTnxUcR2ZnLvAH3yYA,"{'compound_code': '9JGJ+VH Haarlem, Netherlands', 'global_code': '9F469JGJ+VH'}",4.7,ChIJwRyFZoTnxUcR2ZnLvAH3yYA,GOOGLE,"['restaurant', 'cafe', 'food', 'point_of_interest', 'establishment']",311,"Grote Houtstraat 146, Haarlem",,,8819682ed9fffff
OPERATIONAL,"{'location': {'lat': 52.3769034, 'lng': 4.6315522}, 'viewport': {'northeast': {'lat': 52.37791903029149, 'lng': 4.632657580291501}, 'southwest': {'lat': 52.37522106970849, 'lng': 4.629959619708496}}}",https://maps.gstatic.com/mapfiles/place_api/icons/v1/png_71/cafe-71.png,#FF9E67,https://maps.gstatic.com/mapfiles/place_api/icons/v2/cafe_pinlet,Barista Cafe,{'open_now': False},"[{'height': 3650, 'html_attributions': ['<a href=""https://maps.google.com/maps/contrib/114899265738100579689"">Barista Café Haarlem</a>'], 'photo_reference': 'AXQCQNRCaNPbh58II7sjO0ZxRomazN_Z7DNwXHOblOo7F4w6rrRHLhrXC8zsKp242aFoaWdT5wlV6fTlS1EJfmXcnnH5h3DduOB0B4qtjxxJIpAMH8f_VvYZ2UPPTeq31f42DwPyawJi390EqB_GCmiTsLBZrzc-8bYU2VfSUxlPAh32Na9sFKl1Pdn8INPbyp_TEzKq9w4gTX_VUgbLA0ym5veWjXCV-_FJT_wLop9MUGLQ8C6K4VRO96tIRhBshkEEW4WUBgUf-XkI5N2q8LE1kw3lw8ERYlE4vR-HICCmni2y4fLmwaTotOl0rccIDfzdYenilZKASyk', 'width': 5475}]",ChIJ6-W4BkDvxUcRznO_ikN9jHM,"{'compound_code': '9JGJ+QJ Haarlem, Netherlands', 'global_code': '9F469JGJ+QJ'}",4.4,ChIJ6-W4BkDvxUcRznO_ikN9jHM,GOOGLE,"['cafe', 'bakery', 'bar', 'restaurant', 'food', 'store', 'point_of_interest', 'establishment']",854,"Grote Houtstraat 165, Haarlem",2.0,,8819682ed9fffff
OPERATIONAL,"{'location': {'lat': 52.3832181, 'lng': 4.6341843}, 'viewport': {'northeast': {'lat': 52.3845951302915, 'lng': 4.635486130291503}, 'southwest': {'lat': 52.3818971697085, 'lng': 4.632788169708498}}}",https://maps.gstatic.com/mapfiles/place_api/icons/v1/png_71/cafe-71.png,#FF9E67,https://maps.gstatic.com/mapfiles/place_api/icons/v2/cafe_pinlet,Huiskamer café El en Ben,{'open_now': False},"[{'height': 3000, 'html_attributions': ['<a href=""https://maps.google.com/maps/contrib/114835760297943175229"">Huiskamer café El en Ben</a>'], 'photo_reference': 'AXQCQNRyo_T7V_JagSl9PRqgQn9AafmXBgcKn1k6hkHELyjZ5uO6SgySn9hfxbvl95JgZsdjmMy30DGJyr08S6ZCZPEVpFeTv4caQXtfQc3HRMfQAaViTMG9UhfFw764AtTSTMpGUPi_ReH6T4e63JepGWpT_BBO7w514OUbhFrqb1qaov3gcnQeEdT0KsBog4us9Y1Jnbk3M9l7LrIRPvIhW0V4aQ3jOfh6yyMVbBolX03IkMoU3HwNnXTLzUp6Zrm0NPMNEcak-1caFaB1iuS0pI4YGVQ0QAYBKCePyVDyBo1ISErjxxagoyjpbkRrPNtc3z-EwtAlUWY', 'width': 4000}]",ChIJ1bltl2zvxUcRDN6-JIMkLG8,"{'compound_code': '9JMM+7M Haarlem, Netherlands', 'global_code': '9F469JMM+7M'}",4.6,ChIJ1bltl2zvxUcRDN6-JIMkLG8,GOOGLE,"['cafe', 'bar', 'food', 'point_of_interest', 'establishment']",133,"Krocht 2, Haarlem",,,8819682ed9fffff
