geometry,icon,icon_background_color,icon_mask_base_uri,name,photos,place_id,reference,scope,types,vicinity,business_status,plus_code,rating,user_ratings_total,opening_hours,hex_id
"{'location': {'lat': 52.3873878, 'lng': 4.6462194}, 'viewport': {'northeast': {'lat': 52.42865255562656, 'lng': 4.686469750378643}, 'southwest': {'lat': 52.33893104515273, 'lng': 4.599287640053803}}}",https://maps.gstatic.com/mapfiles/place_api/icons/v1/png_71/geocode-71.png,#7B9EB0,https://maps.gstatic.com/mapfiles/place_api/icons/v2/generic_pinlet,Haarlem,"[{'height': 1350, 'html_attributions': ['<a href=""https://maps.google.com/maps/contrib/117269371912788197905"">S.K. Gupta</a>'], 'photo_reference': 'AXQCQNSQADinmlowUDudpqhOMNNAUHOVZkQkLaVeryaRCG47wSClkGDuEkteeZq3P0-tuyYz6rsTP30E63um-qOeOwkkxH7exd3AiqKycMDp1j9ideGVAYhrjB7Uxz5OgDeZ-od5RJByV8lxIQ1SbdNO91xVe0KRawij7dDQZ1ZZQ4VlHVI_8FyV67Zr1OH_1GgRDsLhpz00rk-d16fagOyNwS8OgmsCugvmrqw3w-FBHDlmXbPYYURRDfSfzoqb-EZL6QlKx5a3KVwyUoX89F1JM_HY4RXQ8Au5YN3yy4EaQNQOinVNoXJ7iy2Rv5x_d1Q7OL9afue0FspLbJ97am46Scq4mJ5MpU-hHXf-WXOf0Lvllhu4fzdaoME6NXuVRAIcd2CjMNnyiYniYfLjT23eyxhLyzMI7a20qrLdc_MxoiiQeOfSdohIp-fo4lHJerpIX9BD-8Pi_1zsgeAM-2-UTVPN6Ck_DdWdM2-AjtO6yBLjCOC1Yn3RhtdpAxhxmJ7AVilo0z_vU718Nz2dxg50mQlAPi-XZWX4GkBOQcJ4iI0th62XUk8ZFXpzRPUl9fxA_7AIebckeCpJqM8oWNH7igj0ZEa0AFbRvT43bMvrT1uNyq7JEvHZFF2zoSavdxLd', 'width': 1080}]",ChIJ--nhYGzvxUcROX6huIBW4Yo,ChIJ--nhYGzvxUcROX6huIBW4Yo,GOOGLE,"['locality', 'political']",Haarlem,,,,,,88196825b5fffff
"{'location': {'lat': 52.3503968, 'lng': 4.6464557}, 'viewport': {'northeast': {'lat': 52.35181023029149, 'lng': 4.647796030291502}, 'southwest': {'lat': 52.34911226970849, 'lng': 4.645098069708498}}}",https://maps.gstatic.com/mapfiles/place_api/icons/v1/png_71/lodging-71.png,#909CE1,https://maps.gstatic.com/mapfiles/place_api/icons/v2/hotel_pinlet,Haarlem 49,"[{'height': 4080, 'html_attributions': ['<a href=""https://maps.google.com/maps/contrib/109597095913521449441"">Sandra Maliyekkal Sabu</a>'], 'photo_reference': 'AXQCQNTESPIaqBWx08o_uzC1k29aVBvPLexFuZtCLyQZzPnI9SFETLr_yLoU4DSF-ksEI4zB0XiXxnFXGe9hK7290zpiUABO2KU4kevKEY6c5oR3f3lcvuX5a0zF5b5rR7LyDjFlJBIatAFCU33RsdaP_VmOLe5nRdJi6F0bBs4c3HCtLTemV4UBYPfF7wiUnssLlMUxkGsZk40ehCV1DFsXs6DCX60NjgywoTC35x3FlEDmx-MfF0FbUvPlT7V9f-KaE65NRCi0CBgO47RWZJrQFdTPzj_UNP-R7B5WRNDNxgzGxxs2hrs6__YqbUkGjFZtT2VVz2qW8ZxvplxQ8uQ7pTle41Xz7ThNOOza_T4AXgs1kM7Wh3hEtOGarIn6aKI895ISRB7CBRErANU-2W7sJBaHLQhx4qTqa_OuDjLIPs7ELvv7-UAVvMWs8v0KIOUEjZCM7LnZt2YfQvJ-YVcaZdEUnNyOKUNzM8CyxJTeIEDAg4NecYw0EWhyYnF-XB_2vFy9OD9uZ7KFo5JuWU1dllVEpVLpyzYYByzub553O2zKubja9SoMLcBe_ytt7XH39xKum63GQl-2UUDgQxG9pBazBVGgbuTjgydA1qaRBD0-BePpv08fLhveJeNsvKIw9IplgFEmyDP8QMkTR62P9A', 'width': 1836}]",ChIJexcuB6zoxUcR_MgzWepOuI4,ChIJexcuB6zoxUcR_MgzWepOuI4,GOOGLE,"['lodging', 'point_of_interest', 'establishment']","Poelgeest 49, Haarlem",OPERATIONAL,"{'compound_code': '9J2W+5H Haarlem, Netherlands', 'global_code': '9F469J2W+5H'}",4.8,30.0,,88196825b5fffff
"{'location': {'lat': 52.3466051, 'lng': 4.6492675}, 'viewport': {'northeast': {'lat': 52.3480075302915, 'lng': 4.650554880291502}, 'southwest': {'lat': 52.3453095697085, 'lng': 4.647856919708498}}}",https://maps.gstatic.com/mapfiles/place_api/icons/v1/png_71/generic_business-71.png,#7B9EB0,https://maps.gstatic.com/mapfiles/place_api/icons/v2/generic_pinlet,Herman van Gelder,"[{'height': 2592, 'html_attributions': ['<a href=""https://maps.google.com/maps/contrib/105818680239204096505"">Herman van Gelder</a>'], 'photo_reference': 'AXQCQNS86HO3X2VayqPnh6J52I19oo1jGe3AfWl-tRHFOKuCKHLB9w_utUnvBdKSSw4kC0LJ2GKiw1IJ8rovVXr7wKC5ETD6BAQVLIR6ieEpDiIE2Y2PlANRGDZPwk8khCzQmllzJNqX4Hhs6-nTPFozgsNLdafIUPeUdS9pxXMyN5mlI6YWvdtFzxocbsvzv3G08KcCNmtHQqiuDN_ssOoTjpUqE3X8pxZPP2uaq4ifE0HrAH1oLgOgerCdfTPy-IKXibdhAV7KpPVmHW17rrH6xJq6QQNYX4vhagkKkpyX7zSGA6SRvoLvCqgHaltAN171Zn6mm7paw3YFgN5NxUmgL6nK5z2O-6cHps545alTtB6YkaRpnFAJ5Y3Q85iT6ETElsO8cHXHX7V7tw5B3oSovL8aAwhdQ2Bu7tHmppnpFdoERWG-fYth_U-OTcMSx3gYFogDT7VbMkEz8R7I-OvY3F67g31EZCAwCYHzW_CJ_XcyzfWhPIRcusrmHr4bI0cPCijc7xhofbCLz_MDxP834iG34wksOP4nXfLv07mSUx09krAOkrMHbk9J8AufePh8aR5mkc44ovXthSoSNZ9oTteoHw1Nrnnwr54Ov5c4hvqcZb_T3ryhEUq1JQDjXLjQUFLkFw', 'width': 1944}]",ChIJb1ca-KjoxUcRq5BZ9B0UaWg,ChIJb1ca-KjoxUcRq5BZ9B0UaWg,GOOGLE,"['point_of_interest', 'establishment']","Beveland 71, Haarlem",OPERATIONAL,"{'compound_code': '8JWX+JP Haarlem, Netherlands', 'global_code': '9F468JWX+JP'}",5.0,1.0,{'open_now': False},88196825b5fffff
"{'location': {'lat': 52.34661250000001, 'lng': 4.6492475}, 'viewport': {'northeast': {'lat': 52.3480096802915, 'lng': 4.650541280291502}, 'southwest': {'lat': 52.3453117197085, 'lng': 4.647843319708497}}}",https://maps.gstatic.com/mapfiles/place_api/icons/v1/png_71/generic_business-71.png,#7B9EB0,https://maps.gstatic.com/mapfiles/place_api/icons/v2/generic_pinlet,DCore,"[{'height': 600, 'html_attributions': ['<a href=""https://maps.google.com/maps/contrib/110604517883773388141"">DCore</a>'], 'photo_reference': 'AXQCQNSuNkYuNxnLN2voVeMCfU32p-AzcvTMGLbq3jLWNr5vlAJhM2IDFTl-tFpvnOSoj5dvLTQl1mDQ9XbZC2FrVKxKfL7Ru3F2n9Ui02nlpXRCxBh8g1O9OO2BTePtgIm9R2btIC887Z34KvJwNYSPIW1JFgXmS0R_uVT4eGZ4TVbV0qX__QCX82ufo01QoFE_4isU2dU-RGU3ME33TUhSdQ3fhtOEFi_mYo1MgrrrZNxmXB-w2l-gWGly9OHsxm9QT02iq3f24w0Nbxfqy_AYIsKQBTFLtqzvCTzeUWKK_XkZPksAesc1k2ligUGi7wyfJz05qJ_hnSc', 'width': 450}]",ChIJb1ca-KjoxUcRbUj3HaGyVD0,ChIJb1ca-KjoxUcRbUj3HaGyVD0,GOOGLE,"['point_of_interest', 'establishment']","Beveland 71, Haarlem",OPERATIONAL,"{'compound_code': '8JWX+JM Haarlem, Netherlands', 'global_code': '9F468JWX+JM'}",,,{'open_now': False},88196825b5fffff
"{'location': {'lat': 52.3466051, 'lng': 4.6492675}, 'viewport': {'northeast': {'lat': 52.3480075302915, 'lng': 4.650554880291502}, 'southwest': {'lat': 52.3453095697085, 'lng': 4.647856919708498}}}",https://maps.gstatic.com/mapfiles/place_api/icons/v1/png_71/generic_business-71.png,#7B9EB0,https://maps.gstatic.com/mapfiles/place_api/icons/v2/generic_pinlet,Karikatuurstudio,"[{'height': 1536, 'html_attributions': ['<a href=""https://maps.google.com/maps/contrib/106012133332493465311"">Karikatuurstudio</a>'], 'photo_reference': 'AXQCQNTTASGiQ-EVdWTZqXRdbrum8wt3VOGaAmi2u7D8D9J4xB0o7uq9Kkm3yTghpAICDACg5UBnb0yfhm8NrVi1sb0lSiPJcm9n5wGCGW48rqZozXZ9E2OmdOUu51-_noJAxqO0wIB3nIlzuEXjH9jXojUfewy_VsuB9IyYq-HB2EYmJ-T3anX1ePZqU3ldEDjgj8uaZapG0g_GXHKg1QKfsgoDsa9kmH-JYad5IkP6oKa2SYR1FK9wW_zDdBCr7OPEW1tdarlulgEy4EVrtaLzyfY82PaL3nKjoTVobnTKG1Ubpo-FOsuZBoYPrv0J_bKN5xgyL16VDRA', 'width': 2048}]",ChIJb1ca-KjoxUcRrkJJM-Vw1Hc,ChIJb1ca-KjoxUcRrkJJM-Vw1Hc,GOOGLE,"['point_of_interest', 'establishment']","Beveland 71, Haarlem",OPERATIONAL,"{'compound_code': '8JWX+JP Haarlem, Netherlands', 'global_code': '9F468JWX+JP'}",3.7,3.0,{'open_now': True},88196825b5fffff
"{'location': {'lat': 52.3460428, 'lng': 4.6501533}, 'viewport': {'northeast': {'lat': 52.3474034802915, 'lng': 4.651671980291503}, 'southwest': {'lat': 52.3447055197085, 'lng': 4.648974019708498}}}",https://maps.gstatic.com/mapfiles/place_api/icons/v1/png_71/generic_business-71.png,#7B9EB0,https://maps.gstatic.com/mapfiles/place_api/icons/v2/generic_pinlet,O. van Dijk Bouwbedrijf,"[{'height': 3836, 'html_attributions': ['<a href=""https://maps.google.com/maps/contrib/107420650823974069073"">Tiberiu Morariu</a>'], 'photo_reference': 'AXQCQNRRkCmkEYIkEQ3u4WDf1lIYbnCGGU_Y4cGmaZPuHzWicD5yIVqvDX8Wfzx-jH8QVNSphPWM7B0uVvHlV887lDTb7li9NHtpMk9W1gtjQK93wpu8Z2GusPn100i0ti8UaviQcEod2GL9FepMDZNwY4R0j-EwrNFtDa8w4A40xEdyPFd_4cD4aSZ-QASXObtorXc8EIeoJIDRmWE3m6yS-Aw398vsVodR6GV4CEipQhYUHMUt3Gb5ixUlqF6eqKfG-oiiPkT1b4Iz-4yaV5V2ElVfb266pVdHCz4sKEDl9jC3juzwcfSGmvnVjDnBhkGV64rRYCQFMSlIaQPmklPSaHvFdKbdaszmZYdId6N6X9zHTMWxuFtxajKY33KhcuHcDjBIK3idYoAPNa1Bc-xUzbonFuQwoeTUsNXKPxT9-_eT6Y2maWFGU0gPjq4Ni9yllotNAJB8yPDxwbuKh94pfxDCrY1A2Rlw6rzA81lZuVc6t31_Z8uGle6fXlsLWEfOi91qOIKP8UMCw45ldMKnZjUQ1TEOgsi1El4pq3vOKEhDSn9UrqhymIKo9aT8UrEPHPn-q-vMw60-699qSHHgOqG_nD_We9nUkHMN3bZVdIazxvLa1-h5SS8LNp7prM4iraiNsg', 'width': 2877}]",ChIJ553jQqjoxUcRfivvYtRzX7o,ChIJ553jQqjoxUcRfivvYtRzX7o,GOOGLE,"['general_contractor', 'point_of_interest', 'establishment']","Vogelwaarde 15, Haarlem",OPERATIONAL,"{'compound_code': '8MW2+C3 Haarlem, Netherlands', 'global_code': '9F468MW2+C3'}",5.0,2.0,,88196825b5fffff
"{'location': {'lat': 52.34640899999999, 'lng': 4.652671499999999}, 'viewport': {'northeast': {'lat': 52.34784038029149, 'lng': 4.654016430291503}, 'southwest': {'lat': 52.34514241970849, 'lng': 4.651318469708499}}}",https://maps.gstatic.com/mapfiles/place_api/icons/v1/png_71/generic_business-71.png,#7B9EB0,https://maps.gstatic.com/mapfiles/place_api/icons/v2/generic_pinlet,Ik ben Top!,,ChIJDac5nQLmxUcRMq0kmIkSHTE,ChIJDac5nQLmxUcRMq0kmIkSHTE,GOOGLE,"['health', 'point_of_interest', 'establishment']","Vogelwaarde 46, Haarlem",OPERATIONAL,"{'compound_code': '8MW3+H3 Haarlem, Netherlands', 'global_code': '9F468MW3+H3'}",5.0,3.0,,88196825b5fffff
"{'location': {'lat': 52.347325, 'lng': 4.6525536}, 'viewport': {'northeast': {'lat': 52.3485777302915, 'lng': 4.653743930291502}, 'southwest': {'lat': 52.3458797697085, 'lng': 4.651045969708498}}}",https://maps.gstatic.com/mapfiles/place_api/icons/v1/png_71/generic_business-71.png,#7B9EB0,https://maps.gstatic.com/mapfiles/place_api/icons/v2/generic_pinlet,Beautysalon Irene,"[{'height': 1284, 'html_attributions': ['<a href=""https://maps.google.com/maps/contrib/111785113390012273474"">Beautysalon Irene</a>'], 'photo_reference': 'AXQCQNToUwUdqexLN76saM5g2Qfyu2hCwR2lgou462Ig9plO2PuiMCEFAez32uybxPkOM3aBN68_Mzf51Dbbdjw3alEWoIwjEAGPt9_bSEI8N8LQQ3HYJCPN7Kurwyybv30UTovTJ5p2iYZK1IQ4lio8rVhooZEOXYXZzF3ZV8D7NrinE9BdPvOgkHVz7iBAhbfh0fZALsy1ZuBBZGBLsTYvQBYWUhmCNShr1P7gN2I6OaGsLj0MV4X_Tho4j2vehWLpSciQRQ0MgOfDwA9PtZbaqW-LMMomUybj6AW1zwNopOm0bYGwncCZyK2DWUxC9eKGEn6ogjvRxrQ', 'width': 1080}]",ChIJw43SX1TvxUcRhxRIzzVLSaA,ChIJw43SX1TvxUcRhxRIzzVLSaA,GOOGLE,"['beauty_salon', 'point_of_interest', 'establishment']","Saeftinge 120, Haarlem",OPERATIONAL,"{'compound_code': '8MW3+W2 Haarlem, Netherlands', 'global_code': '9F468MW3+W2'}",5.0,16.0,{'open_now': False},88196825b5fffff
"{'location': {'lat': 52.34940379999999, 'lng': 4.647646}, 'viewport': {'northeast': {'lat': 52.35075463029149, 'lng': 4.649065130291502}, 'southwest': {'lat': 52.3480566697085, 'lng': 4.646367169708498}}}",https://maps.gstatic.com/mapfiles/place_api/icons/v1/png_71/generic_business-71.png,#7B9EB0,https://maps.gstatic.com/mapfiles/place_api/icons/v2/generic_pinlet,Beauty & Nails by Massie,"[{'height': 986, 'html_attributions': ['<a href=""https://maps.google.com/maps/contrib/108981630371267404491"">Beauty &amp; Nails by Massie</a>'], 'photo_reference': 'AXQCQNQgXb08A4_s5AQvW3HkV0eU_d-vAGKZOUaTm2hjJVpiLrSOYnO4V7Ly3UKStEpuRAOteeUzWdiJH9VIU2pGygGuwLM1Tg6m6OcjUTNUa7nVPiLgxLyFHRDlr_KabEb8huRWqWr5yjbJfeSZyFmKpVvEtQ8bG77haHb50YonWBg0YBrLcap3FCVyvXOREFmvWNr0MMXa1qrz4s_pVYHtlDiX1JPFkfoaFa2IRWKU0H3l0xyZnQynnGfiraXMl_INcYJ87mysyBzEaLpVEW4u1oc-TQbF66oilvtaQtOV53pZSrEJUWlKueTxD_nf474udhysNcK0tFQ', 'width': 989}]",ChIJ4XtcW6noxUcRoVC1XcDRxik,ChIJ4XtcW6noxUcRoVC1XcDRxik,GOOGLE,"['beauty_salon', 'point_of_interest', 'establishment']","Poelgeest 50, Haarlem",OPERATIONAL,"{'compound_code': '8JXX+Q3 Haarlem, Netherlands', 'global_code': '9F468JXX+Q3'}",4.9,17.0,{'open_now': False},88196825b5fffff
"{'location': {'lat': 52.347325, 'lng': 4.6525536}, 'viewport': {'northeast': {'lat': 52.3485777302915, 'lng': 4.653743930291502}, 'southwest': {'lat': 52.3458797697085, 'lng': 4.651045969708498}}}",https://maps.gstatic.com/mapfiles/place_api/icons/v1/png_71/generic_business-71.png,#7B9EB0,https://maps.gstatic.com/mapfiles/place_api/icons/v2/generic_pinlet,Just to Fix,,ChIJYY2l1anoxUcRAoljY_pxVKw,ChIJYY2l1anoxUcRAoljY_pxVKw,GOOGLE,"['point_of_interest', 'establishment']","Saeftinge 120, Haarlem",OPERATIONAL,"{'compound_code': '8MW3+W2 Haarlem, Netherlands', 'global_code': '9F468MW3+W2'}",,,,88196825b5fffff
"{'location': {'lat': 52.34512950000001, 'lng': 4.642096899999999}, 'viewport': {'northeast': {'lat': 52.3464861802915, 'lng': 4.643453380291502}, 'southwest': {'lat': 52.3437882197085, 'lng': 4.640755419708498}}}",https://maps.gstatic.com/mapfiles/place_api/icons/v1/png_71/generic_business-71.png,#7B9EB0,https://maps.gstatic.com/mapfiles/place_api/icons/v2/generic_pinlet,Multitechniek Haarlem BV,"[{'height': 2988, 'html_attributions': ['<a href=""https://maps.google.com/maps/contrib/105539140140179033404"">Regina Flu</a>'], 'photo_reference': 'AXQCQNRFAXU23uew00z9rMWqkytskowqCGdqEuMk2ltWF4ZQSNJc2ZAEF9u5y1wgFHZX_zdUrlPDFMYnCZfHroqJz4hRaKMuF87lFj5o9c1NAVEI2XbSgl6epOm7qUj4R-m7iFSxkzk9ndd2bXOxLaudbxVAMVJHK2kl4cdigiLBAXi5IkSSi4-UdXCeyPNlZvykzElvUMgJNarIMClGdmIYtty-WKa6PB-WZLf8IPWW6TUIHunI4AwAe_tRNRUo7y1IuncD744Dl_9WvLmSeGfP4sKmKJ9IY2kvEWlUMW_bibOiLTgjBekFZ5pwYIGRhNrqBPA2DY7-s7oRe4Mignles1GWRxuKUzoGD-mzCOjMaNXVNAqmUN-d68LdF76f1h4xp3KjRmb_nruGSkSbz9Gf9ijyy4-DKlbtLn6toj7kGuh1Fhs08ymclwKWM9a3xOi3LsHR2trsevKKJJs3V9ItTX_h_8v2Zq0ZvWk1H3xo3t-4m9xdceDlEeGQbYJuJHTk9nCS7kZ0o2nInaLBdc6D4n2__NqvwR88yN4Nf8FxTSaGd2_pqNpQkb0580s1OKpOcbXkuaLJxH2EMRe6c9gkQXurxftDgX_nMrftKlDhPifJuN5RKIUxwDr7wAjyTmfF1SJhKg', 'width': 5312}]",ChIJ1TsZgq_oxUcRgzOxvXh0yHU,ChIJ1TsZgq_oxUcRgzOxvXh0yHU,GOOGLE,"['general_contractor', 'point_of_interest', 'establishment']","Zuid Schalkwijkerweg 49, Haarlem",OPERATIONAL,"{'compound_code': '8JWR+3R Haarlem, Netherlands', 'global_code': '9F468JWR+3R'}",3.6,13.0,{'open_now': False},88196825b5fffff
"{'location': {'lat': 52.3474218, 'lng': 4.652863499999999}, 'viewport': {'northeast': {'lat': 52.34897203029151, 'lng': 4.653926380291502}, 'southwest': {'lat': 52.34627406970851, 'lng': 4.651228419708497}}}",https://maps.gstatic.com/mapfiles/place_api/icons/v1/png_71/school-71.png,#7B9EB0,https://maps.gstatic.com/mapfiles/place_api/icons/v2/school_pinlet,Tamara Catharina Janmaat,"[{'height': 3072, 'html_attributions': ['<a href=""https://maps.google.com/maps/contrib/113367641137152587984"">Tamara Catharina Janmaat</a>'], 'photo_reference': 'AXQCQNSfv_wSYq2dyUrmEBGk5fip4ZCwVpwRvA6oOkNoO37DNOkXAVP9xWTbpvUo7Pa17UNGc7whjyzcsbQ-ZhkEeAFjzHFxCHfFtz_UiEKDQZMjlCA4StWuQG_9CNk6W6sdrMjTnlK7P8ti-mNuHCG2XqXsfTyKCj5jYBtgbiCE85z8dA60YVoxOhzrq84e0RMo4M-P1LOcJwSfrb47py3gq-edQFMZt6gYKqz-qYpLPPoafcmgk-AxSlfE2R0n7F7QXmTnAFT0-ryZ9h2AELEAOUq67OCKDbto0cumxrIBucDFoOBVCh-zKV58cSYU3Rx0lPCWIYvCjTM', 'width': 2048}]",ChIJRxqcpxrixUcRpIlCt31Gt8A,ChIJRxqcpxrixUcRpIlCt31Gt8A,GOOGLE,"['point_of_interest', 'establishment']","Saeftinge 140, Haarlem",OPERATIONAL,"{'compound_code': '8MW3+X4 Haarlem, Netherlands', 'global_code': '9F468MW3+X4'}",5.0,1.0,,88196825b5fffff
"{'location': {'lat': 52.348613, 'lng': 4.653031}, 'viewport': {'northeast': {'lat': 52.3499673302915, 'lng': 4.654467430291502}, 'southwest': {'lat': 52.3472693697085, 'lng': 4.651769469708498}}}",https://maps.gstatic.com/mapfiles/place_api/icons/v1/png_71/generic_business-71.png,#7B9EB0,https://maps.gstatic.com/mapfiles/place_api/icons/v2/generic_pinlet,rfProjex,,ChIJ0bgo4vXoxUcRnVxatic1GQU,ChIJ0bgo4vXoxUcRnVxatic1GQU,GOOGLE,"['point_of_interest', 'establishment']","Landschot 132, Haarlem",OPERATIONAL,"{'compound_code': '8MX3+C6 Haarlem, Netherlands', 'global_code': '9F468MX3+C6'}",,,{'open_now': False},88196825b5fffff
"{'location': {'lat': 52.35042499999999, 'lng': 4.646694399999999}, 'viewport': {'northeast': {'lat': 52.3518302302915, 'lng': 4.648033680291502}, 'southwest': {'lat': 52.3491322697085, 'lng': 4.645335719708497}}}",https://maps.gstatic.com/mapfiles/place_api/icons/v1/png_71/generic_business-71.png,#7B9EB0,https://maps.gstatic.com/mapfiles/place_api/icons/v2/generic_pinlet,Schildersbedrijf H. de Goede,"[{'height': 1280, 'html_attributions': ['<a href=""https://maps.google.com/maps/contrib/108247178661356531301"">Schildersbedrijf H. de Goede</a>'], 'photo_reference': 'AXQCQNRcDhUr9xlqgM8lrFvhJSI-RZzy5tyTmj1UxCCfCT3_apaDg5UYTYpS9fofghhgty6NMGPIB5ClT3U6XlfeJv60nKVT5rtt708SSkU5pmCQ-SY9GCUu2Yh874qnLBAxjL6xpymkz_QPQAQWQVqyBN1wzCaAioPJXCIQtIRe-aB5kDHEtOP_m47ihSUnZrwWf0K8JgK0BRFjDizQCXCiNHDid2cIwmlE967GJLXN7aWMF6Tqeq1Y2uTG70q9hknIfgv0ZYaMOYBmSUY-SWxPJqnjSDjBEM2Yt_JX8lBhwbsjtJ68hcBJM5kwJ09e-yj9IrxzBlHJk4U', 'width': 720}]",ChIJwQq8-KvoxUcRtXc28blApB4,ChIJwQq8-KvoxUcRtXc28blApB4,GOOGLE,"['painter', 'point_of_interest', 'establishment']","Poelgeest 53, Haarlem",OPERATIONAL,"{'compound_code': '9J2W+5M Haarlem, Netherlands', 'global_code': '9F469J2W+5M'}",5.0,1.0,{'open_now': False},88196825b5fffff
"{'location': {'lat': 52.34757, 'lng': 4.654311}, 'viewport': {'northeast': {'lat': 52.34895633029149, 'lng': 4.655803230291501}, 'southwest': {'lat': 52.3462583697085, 'lng': 4.653105269708497}}}",https://maps.gstatic.com/mapfiles/place_api/icons/v1/png_71/generic_business-71.png,#7B9EB0,https://maps.gstatic.com/mapfiles/place_api/icons/v2/generic_pinlet,Eerste hulp bij aanbesteden - Tender Productions,"[{'height': 779, 'html_attributions': ['<a href=""https://maps.google.com/maps/contrib/107093127663345726576"">Eerste hulp bij aanbesteden - Tender Productions</a>'], 'photo_reference': 'AXQCQNTrf4dormaMiXtRO7yC7A75sT-RR46qnE_BWkzPBy2NIrj2Iq8fGpR8CrphwU77DhI9j3wpikJgb0u_de1hM76HA62ADbtbCbUg3GPhBLxO4-D7AFX_kLDb4ccXAPv9mHG6apIES9cgjZgqtHX5-_rhb6irVr-y4fME7g3jcjF5d9AjTo3-VQeCM94YkwuiDnUoy6IEPV7ZB9tliQJyhe76yBQPuO4_uao4XiyL09Hta8UkVegsEGA3hX4zf_4oQVnRYWiVVkafl5_61IAIb3DE9KTD_Wb55y2nYc3x1_Py7LNN4Bj2ts7OvCQ0Ra2UyZC3uxxK', 'width': 1778}]",ChIJmU-eZwLmxUcRJnsN_D6A05Y,ChIJmU-eZwLmxUcRJnsN_D6A05Y,GOOGLE,"['point_of_interest', 'establishment']","Kempen 5, Haarlem",OPERATIONAL,"{'compound_code': '8MX3+2P Haarlem, Netherlands', 'global_code': '9F468MX3+2P'}",4.2,5.0,{'open_now': False},88196825b5fffff
"{'location': {'lat': 52.3502988, 'lng': 4.6509192}, 'viewport': {'northeast': {'lat': 52.3516430302915, 'lng': 4.652249080291503}, 'southwest': {'lat': 52.3489450697085, 'lng': 4.649551119708498}}}",https://maps.gstatic.com/mapfiles/place_api/icons/v1/png_71/generic_business-71.png,#13B5C7,https://maps.gstatic.com/mapfiles/place_api/icons/v2/generic_pinlet,De Componist,"[{'height': 1058, 'html_attributions': ['<a href=""https://maps.google.com/maps/contrib/101920692796458847399"">De Componist</a>'], 'photo_reference': 'AXQCQNTX5q_b2-RrkF3ErR2icLFmnBso0bkTxgOj0EhMZHCUCfQTspmX0GjqyrzJJkrsj3MbEEwpm07oYCn7bzj7DBy-MIOqrVgU5UQdYD7QAV-KU7-z8_Ys1UY3kAY-J_CxgqU1gPM-OZfivhZRITCNCVaqFr8T2otXZP-E-WkVuEokG56UBA1pT5LKqL2GCr_IVtrWJpoNA92ZV3VDR_QB0l3Di2N-uz41cKO9Qa-CSp87hrLYfXbDGJIjVJVSODXv_KKziWgtHXTyQcsHH9U-6vtqiK6Z1MEx4oRliYvl25Q68OUuTFp_lCQg_vyrXj-mx3XWxhdJ', 'width': 3400}]",ChIJYXCmyxfvxUcRnsMcqlIexkE,ChIJYXCmyxfvxUcRnsMcqlIexkE,GOOGLE,"['point_of_interest', 'establishment']","Sandenburg 175, Haarlem",OPERATIONAL,"{'compound_code': '9M22+49 Haarlem, Netherlands', 'global_code': '9F469M22+49'}",,,,88196825b5fffff
"{'location': {'lat': 52.3493438, 'lng': 4.653444899999999}, 'viewport': {'northeast': {'lat': 52.3506109802915, 'lng': 4.654847230291502}, 'southwest': {'lat': 52.3479130197085, 'lng': 4.652149269708497}}}",https://maps.gstatic.com/mapfiles/place_api/icons/v1/png_71/school-71.png,#7B9EB0,https://maps.gstatic.com/mapfiles/place_api/icons/v2/school_pinlet,BSO Flierefluiters,"[{'height': 428, 'html_attributions': ['<a href=""https://maps.google.com/maps/contrib/115491708254687001427"">Kinderopvang Haarlem - BSO Flierefluiters</a>'], 'photo_reference': 'AXQCQNRZuxCPG8lfqgM0sc8mmZRxazyEEv9_0WVbAhTGhd_qRs3af-QmM-fJg-W3abrFSdNLq0qyDA4Xa16PDx1uYgVXs_fo7BuyqE9a40Mhib0aCR_upvpFk3Z9EbRDhyYxIFD4V2jEY72NnMzl3ecZ5MwB9hRZGCOM15hFkKYWOC6_TSOE232r5jmphbvbcVrmF3BaeDtO2IxDw3lLoWW98FEWwNml81REeZekMnheAx_-rHi1AdU3EcHlp9HD584Wzy_-paYp5UvkXs0G2nCEy1h2THc28S5Lq5vmBJh4_O1HiLLdgN4oqiBHCmwUf1yIED-pRahY', 'width': 640}]",ChIJ6XefBgLmxUcR6G0wFV5fxTA,ChIJ6XefBgLmxUcR6G0wFV5fxTA,GOOGLE,"['point_of_interest', 'establishment']","Betuwelaan 2, Haarlem",OPERATIONAL,"{'compound_code': '8MX3+P9 Haarlem, Netherlands', 'global_code': '9F468MX3+P9'}",,,{'open_now': False},88196825b5fffff
"{'location': {'lat': 52.3467545, 'lng': 4.6497055}, 'viewport': {'northeast': {'lat': 52.3481130802915, 'lng': 4.650862880291502}, 'southwest': {'lat': 52.34541511970851, 'lng': 4.648164919708498}}}",https://maps.gstatic.com/mapfiles/place_api/icons/v1/png_71/generic_business-71.png,#7B9EB0,https://maps.gstatic.com/mapfiles/place_api/icons/v2/generic_pinlet,Wespenbestrijding van Dijk,"[{'height': 1414, 'html_attributions': ['<a href=""https://maps.google.com/maps/contrib/114221611964060499874"">Wespenbestrijding van Dijk</a>'], 'photo_reference': 'AXQCQNQbUANQxa7JMA6tjiCuxWbDhRD4QpdG5RO-xOmtzHHWWvUiN9PAX4AHwFYarFT4T0IVGReuznmuAa7B3dbeGBwgH9-o6mlKkh7goXfZY_om_fXEoqkSTqXVxuaG9-NXTxlgh7xzfJZ_vKPY3TmxdaF5OCjG1qP7fBXQ_x3MP3hz2RDwxhi1EUeWH3z8Q8wqgzBbW7fO3ah47svL-ooNTXJT_udR_mdZN4TlrkWn6Oa1UArivwxJ1_oapKtEyPvoOJ8tD512dQzjzLY1Xun8Fnsvhb2Eq8y6SjI-9YKeNOd9rBXjtmtryc4MuI5a6yNnFbfGTtwPnVs', 'width': 2121}]",ChIJG6nuoEbpxUcRcBHj4_cbqAA,ChIJG6nuoEbpxUcRcBHj4_cbqAA,GOOGLE,"['point_of_interest', 'establishment']","Beveland 48, Haarlem",OPERATIONAL,"{'compound_code': '8JWX+PV Haarlem, Netherlands', 'global_code': '9F468JWX+PV'}",5.0,8.0,{'open_now': False},88196825b5fffff
"{'location': {'lat': 52.3464908, 'lng': 4.649940399999999}, 'viewport': {'northeast': {'lat': 52.3478054302915, 'lng': 4.651438830291501}, 'southwest': {'lat': 52.3451074697085, 'lng': 4.648740869708496}}}",https://maps.gstatic.com/mapfiles/place_api/icons/v1/png_71/generic_business-71.png,#7B9EB0,https://maps.gstatic.com/mapfiles/place_api/icons/v2/generic_pinlet,W.H.M. van den Braak,,ChIJeemSWqjoxUcR595s8OUzDpE,ChIJeemSWqjoxUcR595s8OUzDpE,GOOGLE,"['point_of_interest', 'establishment']","Beveland 58, Haarlem",OPERATIONAL,"{'compound_code': '8JWX+HX Haarlem, Netherlands', 'global_code': '9F468JWX+HX'}",5.0,1.0,,88196825b5fffff
"{'location': {'lat': 52.3510634, 'lng': 4.6203004}, 'viewport': {'northeast': {'lat': 52.36333707293682, 'lng': 4.640987468344643}, 'southwest': {'lat': 52.32219260570254, 'lng': 4.590034682924381}}}",https://maps.gstatic.com/mapfiles/place_api/icons/v1/png_71/geocode-71.png,#7B9EB0,https://maps.gstatic.com/mapfiles/place_api/icons/v2/generic_pinlet,Heemstede,"[{'height': 1440, 'html_attributions': ['<a href=""https://maps.google.com/maps/contrib/110273514769927748181"">Roel Claassens</a>'], 'photo_reference': 'AXQCQNTRuh6jUmiCpkCafaSwoXX0rI3U9GtuJBuKYpZLU0jgzSaD-JB0n-FiwqPlY_HBF5djy2IK9UOQDIIhiriBkmx4FxG8aP-5Y_cb1NzOiV_TzVyBHOi6OhDhPbT19TrKOIWLerAsC99eY8R4THyvKbgwDWm-Ktksk5DLyBApijsSDLshj4JZSFdI1MDrmT3ibj1Grv9U2ciBiKtYF1SUQ2aFYD71TqQlYAfgozDelgMJEszI-_5bxtEiDa-TlmqQSZ6kPUblHdXuCisBNcoan83170EGgT_R_vMfb56Qze8XrAQgMUlHMTvPtMcuTuLyVdmFWl9KEZamFiWczCi88kSfylqRytuRFDiSd2mnIKVzhXsSuCFcW8p0f9nDJWnpsHDOIvSSt0TJVUTboCeF5Ni6R6aGVjERNTWhsHQGzLKPRVv5oBS7rvAllBawetJgDiD9Np5P6BrG13gp9Mzbz4xaldimBc-pK5444KdlOeie1RWlwEf_xXgrHX1E_H3-4uCGuGP4bixuYeCrXRj8JLiEHHHPGMKA37aNr_wZ_vW5t59ygdEn1xC-_4nitnI5XoDx2-iGdg1yCIOpsOnz1qeowKaAOC8qJFRVLG5KulzabePAOfQsxo5HMRTLdwtNS77yaQ', 'width': 2560}]",ChIJp8225sToxUcRiG5Iv7IcE0w,ChIJp8225sToxUcRiG5Iv7IcE0w,GOOGLE,"['locality', 'political']",Heemstede,,,,,,88196825b5fffff
