geometry,icon,icon_background_color,icon_mask_base_uri,name,photos,place_id,reference,scope,types,vicinity,business_status,opening_hours,plus_code,rating,user_ratings_total,permanently_closed,price_level,hex_id
"{'location': {'lat': 52.3873878, 'lng': 4.6462194}, 'viewport': {'northeast': {'lat': 52.42865255562656, 'lng': 4.686469750378643}, 'southwest': {'lat': 52.33893104515273, 'lng': 4.599287640053803}}}",https://maps.gstatic.com/mapfiles/place_api/icons/v1/png_71/geocode-71.png,#7B9EB0,https://maps.gstatic.com/mapfiles/place_api/icons/v2/generic_pinlet,Haarlem,"[{'height': 1350, 'html_attributions': ['<a href=""https://maps.google.com/maps/contrib/117269371912788197905"">S.K. Gupta</a>'], 'photo_reference': 'AXQCQNSK_tkJ94oXQh4gdMG_lu5MmtcQ63Gim92j1WsfIYe6ARimmkw1Qxov9RbxgQwbD4TO8Q5sMeEe7C1UF_vFOF5oriqF20mm5H7pn2peQOOeBJ1dsKlC-sskCrmiqDOP5Y-hABAD41rZ6qY2G5CsBL5qTKR34spHvkUFLh4O-1Zt6-NVXi0eHRfN3-PbTYr8CwZK2O6VLzuG4v06kRm0iSpm-9il6EfBu0oCApfM6LpauS-rgY4A1OZNjB0tY52iAkkJjtuWsdppFDYn3sikI5G_hpqdhgCNbkOIZe718WWRmq8nstKFRtnoCUmAVYJpTOoa8CVuJeVtWCc6PhlChZoqRuCELc6VJcRwOMn5TDx2bJHchDxTOhF-5gG54fjTDHbitJxZpeLgd3CZ1oyTi9qRDqbnJDjitATBfGbEgU-xyXCPXngd63rONerm2VnPMkfV-P7cj2Fv0Ag4gF2t54Wuk2OsjVT21bf_vHUW34HyKtlrwd1F1OTx50czO1RZmZq0K1z6w6umUiVFQM4eoNxO3rjN5WsQLfUW5rEpdGTU4sZZryTLNInsd4R4qHGSVIaaWTWXZW3Ti70SJLa4VJIvRpZrtixkgnQbwzak86Kg6RpkGSCTCaBeQcjIzfzd', 'width': 1080}]",ChIJ--nhYGzvxUcROX6huIBW4Yo,ChIJ--nhYGzvxUcROX6huIBW4Yo,GOOGLE,"['locality', 'political']",Haarlem,,,,,,,,88196825c5fffff
"{'location': {'lat': 52.3846122, 'lng': 4.668877800000001}, 'viewport': {'northeast': {'lat': 52.3862634802915, 'lng': 4.670025030291503}, 'southwest': {'lat': 52.3835655197085, 'lng': 4.667327069708498}}}",https://maps.gstatic.com/mapfiles/place_api/icons/v1/png_71/shopping-71.png,#4B96F3,https://maps.gstatic.com/mapfiles/place_api/icons/v2/shopping_pinlet,IKEA,"[{'height': 1365, 'html_attributions': ['<a href=""https://maps.google.com/maps/contrib/110572417073378693536"">IKEA Haarlem</a>'], 'photo_reference': 'AXQCQNQcMjm5vHO4gUC9eoRMolD6PzLiXbqGGMySbtz1IzgWNGdaQHUz9YDTwqthHJbQD3mHWLbADlxg_bzdK-l7D-Y1Z4pYGZmN6o7SlyS-XH7Qvt0-Hlydzj30kfgvngcqy_3mfvXq9Se6swvQ3NxKAAswvHoJ0_EudoW-ZCeY4so1Gqzu0m4tO2HJUcKcBkFPfzE_DNQghh50V2wx-MIXN7PWV3Nfd5UawD1QrNVBdfAobCExSxAZDbaZje5I-hG31Qpr2Ia_ATu12UY5wVkVmjIB0Kpwhsl6kNOdVltJqZOVCroIB-_g4jlxnBOulu9pUhUuO9OP3aA', 'width': 2048}]",ChIJpVsnyI_lxUcRWdvPkpX-FSU,ChIJpVsnyI_lxUcRWdvPkpX-FSU,GOOGLE,"['furniture_store', 'home_goods_store', 'store', 'point_of_interest', 'establishment']","Laan van Decima 1, Haarlem",OPERATIONAL,{'open_now': False},"{'compound_code': '9MM9+RH Haarlem, Netherlands', 'global_code': '9F469MM9+RH'}",4.2,15827.0,,,88196825c5fffff
"{'location': {'lat': 52.3820673, 'lng': 4.6708225}, 'viewport': {'northeast': {'lat': 52.3833733302915, 'lng': 4.672070330291502}, 'southwest': {'lat': 52.3806753697085, 'lng': 4.669372369708499}}}",https://maps.gstatic.com/mapfiles/place_api/icons/v1/png_71/generic_business-71.png,#7B9EB0,https://maps.gstatic.com/mapfiles/place_api/icons/v2/generic_pinlet,Administration Office Kamp B.V.,"[{'height': 661, 'html_attributions': ['<a href=""https://maps.google.com/maps/contrib/100542369305601237826"">Administratiekantoor Kamp B.V.</a>'], 'photo_reference': 'AXQCQNSFL6hLDdS9fnHdryLtl47ATzSD4CHi-LaElnWBLVMrGyGbRkiuUp_BX_K4P6o-5E_2WH4vDat6p09fKDD7-C93fmFzloahuoh1m8l5uCqSgEqo36_5tYx4RBkiMwfCq6F-uORV6tK9aCrg247Xn9pJmGVU2A9D3PAqKRqmH6zP_lUrFVobVYMm0TONEglWtx-jQ32mDkOrCjO2OdCYK0dr6mr7D0d6mBbIBZLJzPVst8HzEgpnOOw7uyM1tyHy7vEfDLIQmRVb8hYlO_X-x8kL3rNpLOTEZ_46MJWJdjgar2ddKj3-t2xJZQAdnlfUCtEr3PFWUPM', 'width': 1092}]",ChIJcTbMEI7lxUcRaOxIZswicJw,ChIJcTbMEI7lxUcRaOxIZswicJw,GOOGLE,"['accounting', 'finance', 'point_of_interest', 'establishment']","Robertus Nurksweg 7, Haarlem",OPERATIONAL,{'open_now': False},"{'compound_code': '9MJC+R8 Haarlem, Netherlands', 'global_code': '9F469MJC+R8'}",4.2,13.0,,,88196825c5fffff
"{'location': {'lat': 52.381529, 'lng': 4.6720638}, 'viewport': {'northeast': {'lat': 52.38281128029151, 'lng': 4.673779030291502}, 'southwest': {'lat': 52.38011331970851, 'lng': 4.671081069708498}}}",https://maps.gstatic.com/mapfiles/place_api/icons/v1/png_71/generic_business-71.png,#7B9EB0,https://maps.gstatic.com/mapfiles/place_api/icons/v2/generic_pinlet,Snow Software Benelux B.V.,,ChIJ0x2ybH_vxUcRT4eTD4yRg1E,ChIJ0x2ybH_vxUcRT4eTD4yRg1E,GOOGLE,"['point_of_interest', 'establishment']","35, Diakenhuisweg 29, Haarlem",OPERATIONAL,{'open_now': False},"{'compound_code': '9MJC+JR Haarlem, Netherlands', 'global_code': '9F469MJC+JR'}",3.3,6.0,,,88196825c5fffff
"{'location': {'lat': 52.381529, 'lng': 4.6720638}, 'viewport': {'northeast': {'lat': 52.38281128029151, 'lng': 4.673779030291502}, 'southwest': {'lat': 52.38011331970851, 'lng': 4.671081069708498}}}",https://maps.gstatic.com/mapfiles/place_api/icons/v1/png_71/generic_business-71.png,#7B9EB0,https://maps.gstatic.com/mapfiles/place_api/icons/v2/generic_pinlet,AIMMS BV,"[{'height': 1024, 'html_attributions': ['<a href=""https://maps.google.com/maps/contrib/111356403366385735164"">patrick van gent</a>'], 'photo_reference': 'AXQCQNTpDrtV4QuNo_-jNcwX7kfSdp3odP-goFvxYMGtXBODSlPkE75j5CSOVHU9X8eLEc1raSeUJIG-avxja0YYhbPDG7tpIROPohxftYgHEOMWS8vrlJi8nrfsLbgsurG4FaKKStydGtysVkFIjZid43udkOHP-Q9eoiaa505qFkMQDqxTgn-s2NYxeoNiWrA9zqht4bSryDDkx6k3qXzZTjLz_xsClAnIPb6G5LVoZ1nwaxdlVBIuQYTp-RmUCVQiWbShzeMuwvc6fwKpQuHG8_N6MHQ2283fbny2boNl5gp-_gSvASmeZr4NPlT5MApj9_1N_wZKa6ONVgfaoElR-RXFz8t_udG-Hihm_S0RzKDXH2q5zn-KEpZMKUaTsI9wPMBK6DT5psd81ZWw-SmGrpWHQyDa2VXaWg2pkmkxOFKduiZ1NYenNcr5yMMIAIz1dI_zgKE_ta-jteKCjmQcgGPHsNHVwzKPIayjB7sggnOLdmlsktl2mk1ORpBuTnigDSSu8FXZ1BI0zJ1P_lttldj32Zc-8zwrGnhOEahSg3V-kHt6ZLK5r7zc1tV3IS9XBAyXhsaIpr3kWQEjSWjTFl0zkKT0M3K7OmgaNsW739NoSsvzbPLf5plXHSDTAn1rVHhXAg', 'width': 889}]",ChIJn9U0hUTvxUcR9FF5p1sFOWw,ChIJn9U0hUTvxUcR9FF5p1sFOWw,GOOGLE,"['point_of_interest', 'establishment']","Diakenhuisweg 29- 35, Haarlem",OPERATIONAL,,"{'compound_code': '9MJC+JR Haarlem, Netherlands', 'global_code': '9F469MJC+JR'}",4.3,20.0,,,88196825c5fffff
"{'location': {'lat': 52.3830598, 'lng': 4.670994299999999}, 'viewport': {'northeast': {'lat': 52.38446083029149, 'lng': 4.672310930291502}, 'southwest': {'lat': 52.3817628697085, 'lng': 4.669612969708497}}}",https://maps.gstatic.com/mapfiles/place_api/icons/v1/png_71/generic_business-71.png,#7B9EB0,https://maps.gstatic.com/mapfiles/place_api/icons/v2/generic_pinlet,Uw Deelfiets Spaarnwoude P+Bike,"[{'height': 4602, 'html_attributions': ['<a href=""https://maps.google.com/maps/contrib/107420650823974069073"">Tiberiu Morariu</a>'], 'photo_reference': 'AXQCQNQcQVEfNXRfrz96djbdwnF0eoriChjVtUTmp0HQRJuBbJixnj_ygsNLfPTvDUeUfTb8jv2Q1n-b5haDU1GqmROFHdm7R9fy-lUciZg944ueYiENse9yU24PuQor7Yf9-sZOwKdOyjFKBnVOI3a341nY1rXoXyegiMTLrfE2UqA8xNHxc3TwieAc7XJtkYPeDL-i2ZeYX1NIveE55v2c3vck3xEGggyCkT6LSq41gEL9uUYRakphquQoyVlB6ZqMtxg74Ol3Ro6Ia9_rRRdRIvXlorrrQePGaY4HJ-dIK6Z4itNYgS3NVOTGwdkQXrBP-Ncgfokl8Y7MUkoR8it8HIv19c7ZIcrlPUZ4UQ9DkX66n3OlMGM8EOMGheGILpBx3cTI4eZ6C_KW3LqdUVKzUQWk0rGgqvJ8ny0Ut58B323U2R1Xx8a1KW-WO2nXhau-pxbgDPwK7_iYLBKOSlqP-iJelT__1QK-o1oiO0Hm0k1bjTducHOFIBGQow8DK8W6lkFlCGu891hQAkB5JX70iZohd3kJLF0_H6v1U2mfForNcbx8_kNasTsJHsRfDZjxPiKz8pwMtuaOwD4KcLoB8KgNoiDDJUEW8dMkEJfbuCOrlY4W-1xl_dx-vCibS0HHO6CuuEkw', 'width': 3476}]",ChIJbZ5wMI7lxUcR4Th9Atb_LhU,ChIJbZ5wMI7lxUcR4Th9Atb_LhU,GOOGLE,"['point_of_interest', 'establishment']",Haarlem,OPERATIONAL,{'open_now': True},"{'compound_code': '9MMC+69 Haarlem, Netherlands', 'global_code': '9F469MMC+69'}",1.0,1.0,,,88196825c5fffff
"{'location': {'lat': 52.3821987, 'lng': 4.6717457}, 'viewport': {'northeast': {'lat': 52.3833687302915, 'lng': 4.673041680291503}, 'southwest': {'lat': 52.3806707697085, 'lng': 4.670343719708498}}}",https://maps.gstatic.com/mapfiles/place_api/icons/v1/png_71/generic_business-71.png,#7B9EB0,https://maps.gstatic.com/mapfiles/place_api/icons/v2/generic_pinlet,INL Cargo B.V.,"[{'height': 2128, 'html_attributions': ['<a href=""https://maps.google.com/maps/contrib/109530741439343202632"">INL Cargo B.V.</a>'], 'photo_reference': 'AXQCQNQkXAchzhatTSX-I0qGpiArYqazkfAKdLKpPp77m4dtJyICx2FTDiUrceKsnkSQix2YGeC1HqntBGSrALXnRBGB70cgYp4bB7AyTOZxyLvzUdorW51SCoJFuGDMu2wkfhIHHKAqktTUa-0Z3CUOREnXKeUTASH_J5w8gbWZX-eKpSUXFZIAcODbRdTt1Dh1JkXIZhMfxKmg6hWXobmJBKESHdKwdBm2Y42HB_LIblsvpJUAMfMowsAnBgmWoNz8DIJw-lmeYTFlRBZvXJU5C6TAq3s4ykAlqRCU8-W69P_U3ncevlCussdrikkp9fBH-wc3f76Re0g', 'width': 2838}]",ChIJg_zHzGLvxUcRB9yrhiEFtrM,ChIJg_zHzGLvxUcRB9yrhiEFtrM,GOOGLE,"['point_of_interest', 'establishment']","Robertus Nurksweg 11, Haarlem",OPERATIONAL,{'open_now': False},"{'compound_code': '9MJC+VM Haarlem, Netherlands', 'global_code': '9F469MJC+VM'}",4.9,8.0,,,88196825c5fffff
"{'location': {'lat': 52.3815679, 'lng': 4.6729603}, 'viewport': {'northeast': {'lat': 52.3828488302915, 'lng': 4.674234730291502}, 'southwest': {'lat': 52.3801508697085, 'lng': 4.671536769708498}}}",https://maps.gstatic.com/mapfiles/place_api/icons/v1/png_71/generic_business-71.png,#7B9EB0,https://maps.gstatic.com/mapfiles/place_api/icons/v2/generic_pinlet,SolarToday,"[{'height': 4014, 'html_attributions': ['<a href=""https://maps.google.com/maps/contrib/105105360955731776334"">SolarToday</a>'], 'photo_reference': 'AXQCQNTVTZB0ekw-BpBrXQyr7lGcnqNZDGcaMR9_xUFWYPIdDNy8DNw7G-pfS5TFt5dNPVPA7FH7fCHXgHb9SoeYe2QWdRaw1cLQWY-5JR6yDTcCstOOVxibaZFJ2S4ByOFsmTMWeQN_woajl-VO4POoUxg6_pp1tECFNuDlAv92VwRuKhSH1GSsrfmrmEwVNt9CXNqFfyOc-myhoTxReOIG29Ew4rGNC3YKyx9iCcfiiQKV3-_O370c2jgrK-J1B7Y4Fq2-nO8yMPN-lvUYao_JkJz8pbXUxq6LXRhWALkHjwDZF9-dh7_qtEHiWOQesl6uYJbU49YzKEI', 'width': 6021}]",ChIJH1VLFHDvxUcRKRtxdSxhoD0,ChIJH1VLFHDvxUcRKRtxdSxhoD0,GOOGLE,"['point_of_interest', 'establishment']","Diakenhuisweg 43, Haarlem",OPERATIONAL,{'open_now': False},"{'compound_code': '9MJF+J5 Haarlem, Netherlands', 'global_code': '9F469MJF+J5'}",5.0,3.0,,,88196825c5fffff
"{'location': {'lat': 52.38155769999999, 'lng': 4.672762199999999}, 'viewport': {'northeast': {'lat': 52.3828728802915, 'lng': 4.674127930291503}, 'southwest': {'lat': 52.3801749197085, 'lng': 4.671429969708498}}}",https://maps.gstatic.com/mapfiles/place_api/icons/v1/png_71/generic_business-71.png,#7B9EB0,https://maps.gstatic.com/mapfiles/place_api/icons/v2/generic_pinlet,Eurofins Digital Testing & Cyber Security,,ChIJox2NdWnvxUcRVE3p12mtVII,ChIJox2NdWnvxUcRVE3p12mtVII,GOOGLE,"['point_of_interest', 'establishment']","Diakenhuisweg 37, Haarlem",OPERATIONAL,{'open_now': False},"{'compound_code': '9MJF+J4 Haarlem, Netherlands', 'global_code': '9F469MJF+J4'}",4.8,6.0,,,88196825c5fffff
"{'location': {'lat': 52.3815609, 'lng': 4.672668499999999}, 'viewport': {'northeast': {'lat': 52.38287438029151, 'lng': 4.674059080291501}, 'southwest': {'lat': 52.38017641970851, 'lng': 4.671361119708497}}}",https://maps.gstatic.com/mapfiles/place_api/icons/v1/png_71/generic_business-71.png,#7B9EB0,https://maps.gstatic.com/mapfiles/place_api/icons/v2/generic_pinlet,Brick Management BV,"[{'height': 1536, 'html_attributions': ['<a href=""https://maps.google.com/maps/contrib/107725606451068038271"">Brick Management BV</a>'], 'photo_reference': 'AXQCQNQWeBOJc1BgjwZ_09aF7tVvIIvKnLkw2OdcoXqfioe73ZkGXdhzsfNKYb6Z808Zyrj53V_Wy3IE2Q7oYyYJZgiJKGTOYKObsmdjcaaH4PN01fpk5RsNM6vXiuhXyv5-KgSrR3MI9wHRJYTViNiCoH9VadrJbbsADkTfnndwjzKR1f8CEFz_9qNQSTEhyO5ufKftdTSSdolGU08Uv3LH0shNgZts6WPIrBPwlUFKFSokYH2dCD2z_Im5Yz_DY3eG3RriR0cCqF5bJlpVLK04J38gYvl7Z5h0d2f10wNUkyO0FAONz43vpIzxodUdbOaLADl669Fz40k', 'width': 2048}]",ChIJTXRxOmzvxUcR8QfZ6PmmkYY,ChIJTXRxOmzvxUcR8QfZ6PmmkYY,GOOGLE,"['real_estate_agency', 'point_of_interest', 'establishment']","Diakenhuisweg 39, Haarlem",OPERATIONAL,{'open_now': False},"{'compound_code': '9MJF+J3 Haarlem, Netherlands', 'global_code': '9F469MJF+J3'}",5.0,1.0,,,88196825c5fffff
"{'location': {'lat': 52.38152669999999, 'lng': 4.672834400000001}, 'viewport': {'northeast': {'lat': 52.3828564802915, 'lng': 4.674131030291503}, 'southwest': {'lat': 52.3801585197085, 'lng': 4.671433069708498}}}",https://maps.gstatic.com/mapfiles/place_api/icons/v1/png_71/generic_business-71.png,#7B9EB0,https://maps.gstatic.com/mapfiles/place_api/icons/v2/generic_pinlet,WiQhit,"[{'height': 628, 'html_attributions': ['<a href=""https://maps.google.com/maps/contrib/104032080128282207928"">WiQhit</a>'], 'photo_reference': 'AXQCQNS6w58utj5Qr6gHQ_JFl_MefU2P-uzV_1rWFwj7pvRdDa7vK9Io1bnAc1gydRxRVD9YvX6nCXcqM2TOiFdTcqoF1zFWeYpdlRp9CIy_r0ahsTGWR2qGGaBGGoUJ9bS9ffhqCZg6OLtkq31-yRbwYyZWTj9rOCxHCZ_e2bbfuAe-BCeGdQnnH9wVlJeIAf8-H4xNcOyYyXq4j4Qovi2_dYIT-p9nz2e2_htPZCOwbWX2sbDxxknwK7DEBghKDA812B9H9Vpl-N_DFV_Gjf6FQal2yfgY4mCezCNgnLG8lyaN4ysvgNxbZNpThxwQcdwRauwufWlc7nc', 'width': 1200}]",ChIJV5VPQnvvxUcRIEPdAIY_WCw,ChIJV5VPQnvvxUcRIEPdAIY_WCw,GOOGLE,"['point_of_interest', 'establishment']","Diakenhuisweg 39, Haarlem",OPERATIONAL,{'open_now': False},"{'compound_code': '9MJF+J4 Haarlem, Netherlands', 'global_code': '9F469MJF+J4'}",5.0,18.0,,,88196825c5fffff
"{'location': {'lat': 52.3816982, 'lng': 4.6689311}, 'viewport': {'northeast': {'lat': 52.38294088029151, 'lng': 4.670241480291502}, 'southwest': {'lat': 52.38024291970851, 'lng': 4.667543519708498}}}",https://maps.gstatic.com/mapfiles/place_api/icons/v1/png_71/generic_business-71.png,#7B9EB0,https://maps.gstatic.com/mapfiles/place_api/icons/v2/generic_pinlet,Airtrade Holland B.V.,"[{'height': 6867, 'html_attributions': ['<a href=""https://maps.google.com/maps/contrib/118443663146869759283"">Airtrade Holland B.V.</a>'], 'photo_reference': 'AXQCQNQp3M_PTVtLToUQ8H5b9LAXtMjSx9VCcnUodTx7hNVm6GQxWD3GhXItekCpq3mXQGajB_Psg53vPxOWkLtqgqN-OQKvPptPABzMf81lJ6afkvBNQyWrz6xGs_38jl4HCxirbTwrmSCBwHN1ztwQAFBbZCOAi2Jv_U2Nro3VgBQsDglZ36AHsbw0MW8uCBE9hOYQbTvUeJcJAo2AX-qFARMpFXxwRWETuu-YqKW1ChB3b0FE6y3l18vjr9d7_7bYRrG0AJV2fZyEJfG3f9c3po6Vp24_sQB1z7c1r2BQ1RTwwwSCv82mv3jB1fGZ3qIrn0q4oRb42XY', 'width': 6000}]",ChIJccJnWmvvxUcRHONt92Sc8O8,ChIJccJnWmvvxUcRHONt92Sc8O8,GOOGLE,"['travel_agency', 'point_of_interest', 'establishment']","Diakenhuisweg 7, Haarlem",OPERATIONAL,{'open_now': False},"{'compound_code': '9MJ9+MH Haarlem, Netherlands', 'global_code': '9F469MJ9+MH'}",3.3,55.0,,,88196825c5fffff
"{'location': {'lat': 52.38750580000001, 'lng': 4.673423300000001}, 'viewport': {'northeast': {'lat': 52.3891186802915, 'lng': 4.674368080291504}, 'southwest': {'lat': 52.3864207197085, 'lng': 4.671670119708499}}}",https://maps.gstatic.com/mapfiles/place_api/icons/v1/png_71/restaurant-71.png,#FF9E67,https://maps.gstatic.com/mapfiles/place_api/icons/v2/restaurant_pinlet,Het Veerkwartier,"[{'height': 4000, 'html_attributions': ['<a href=""https://maps.google.com/maps/contrib/117527027471230796731"">Het Veerkwartier</a>'], 'photo_reference': 'AXQCQNSXHVtuSOxX5b0UZ2niSw7cDxXWKIWRsO1KNyIVrMrOlU_jsjLpc21mBBJsfd-sNnlCIlr3EMQOY31WtyBBz5kNMMKiUkq4zSZ-kqnidmoxD_eL8MHVOxRtgbpOnWhSAODexNblauhF_bXPmbVmNcYSfAM4hv1eft1YR8a_2iHq6pvWghReVfj1ilavXmDoEx9t0f1LqPtonOZm5YLsHY9492oLfjwdgb51xcjYac_JGghc_ImSz7ftH5I12wC2D23kozn2_ozPy_bx_GWWSey-efoXNM0A-D_Qt3BUweoiI3BApAYWwr6vCiXRUMVZ9u0nWlvFW_A', 'width': 6000}]",ChIJF8ASNoXlxUcRfuOw-WSrVAQ,ChIJF8ASNoXlxUcRfuOw-WSrVAQ,GOOGLE,"['restaurant', 'bar', 'food', 'point_of_interest', 'establishment']","A. Hofmanweg 62, Haarlem",CLOSED_TEMPORARILY,,"{'compound_code': '9MQF+29 Haarlem, Netherlands', 'global_code': '9F469MQF+29'}",4.2,902.0,True,2.0,88196825c5fffff
"{'location': {'lat': 52.380824, 'lng': 4.671811999999999}, 'viewport': {'northeast': {'lat': 52.3820986302915, 'lng': 4.673118030291501}, 'southwest': {'lat': 52.3794006697085, 'lng': 4.670420069708497}}}",https://maps.gstatic.com/mapfiles/place_api/icons/v1/png_71/generic_business-71.png,#7B9EB0,https://maps.gstatic.com/mapfiles/place_api/icons/v2/generic_pinlet,Van Deenen Installatie Techniek,,ChIJW978AJLlxUcR4ZmtZo4OtE4,ChIJW978AJLlxUcR4ZmtZo4OtE4,GOOGLE,"['plumber', 'point_of_interest', 'establishment']","Suzette Noiretstraat 7, Haarlem",OPERATIONAL,,"{'compound_code': '9MJC+8P Haarlem, Netherlands', 'global_code': '9F469MJC+8P'}",1.5,2.0,,,88196825c5fffff
"{'location': {'lat': 52.3814411, 'lng': 4.6698192}, 'viewport': {'northeast': {'lat': 52.3827297802915, 'lng': 4.671175230291502}, 'southwest': {'lat': 52.3800318197085, 'lng': 4.668477269708498}}}",https://maps.gstatic.com/mapfiles/place_api/icons/v1/png_71/generic_business-71.png,#7B9EB0,https://maps.gstatic.com/mapfiles/place_api/icons/v2/generic_pinlet,Online Werkplek,"[{'height': 1000, 'html_attributions': ['<a href=""https://maps.google.com/maps/contrib/100284837949628652811"">Online Werkplek</a>'], 'photo_reference': 'AXQCQNT3I-S_2QzGsBYGtHeBxwDw3voKsRPDYWDCtoRLpADqMBrd7Du2YwDS3poThgVzHxoiWupyH3XlysH8sriQc5pko80ceLRnQDplVvXR3duNZT6XAcfx8323_QkIUVGDmoK0rBnAT8ysh17EUkifMRYztV5BGP14N6aQN01qbIfD4O1T3bmCn0TnFzJyg9gLsU6lHSRKoRi4h-udyNptu0DJUe_mL2HBcNHQjUuiHTco88F-XZY2wqe3VTyWR16qOFw8latjP6tA90Du68ZrOT-94W9h6-dz0votdEG7H3JtYDa99PskrRuH74MAmrTIDLqoK1gTnv0', 'width': 1500}]",ChIJ27rnTHHvxUcRTJE8aGDapnY,ChIJ27rnTHHvxUcRTJE8aGDapnY,GOOGLE,"['point_of_interest', 'establishment']","Diakenhuisweg 27, Haarlem",OPERATIONAL,{'open_now': False},"{'compound_code': '9MJ9+HW Haarlem, Netherlands', 'global_code': '9F469MJ9+HW'}",,,,,88196825c5fffff
"{'location': {'lat': 52.38143170000001, 'lng': 4.669760600000001}, 'viewport': {'northeast': {'lat': 52.38272593029151, 'lng': 4.671165680291502}, 'southwest': {'lat': 52.38002796970851, 'lng': 4.668467719708498}}}",https://maps.gstatic.com/mapfiles/place_api/icons/v1/png_71/generic_business-71.png,#7B9EB0,https://maps.gstatic.com/mapfiles/place_api/icons/v2/generic_pinlet,Arbo Unie Haarlem,"[{'height': 560, 'html_attributions': ['<a href=""https://maps.google.com/maps/contrib/116677965871730955638"">Arbo Unie Haarlem</a>'], 'photo_reference': 'AXQCQNR7QKXGj82zMxn_OPzZUunwZZwpPCLbsEKo7skWqV9EZnVXmRjvLN9m9rsEQv3vAz4wg6qSZWi0Csrya_A2D3jNKLQ2M--efaGtjSuMG6QZeP07YRppZYtVmtVVPTc3kHHV5ifJMwjqmeaT6Lv2OlUqQMSC4W2n7scoaUbmV5O9KphTJfo1J8CLfu2UXgaAEWajG50AoqAkhNChqWL7S5yQMCaCABT9b8KPps01L23hV1ld5_Vjq0WJNhAByIDLCEUVVOLKS6250Bt9Y0FCghBKwYGgpZG015zanTW2rpjDv1Jjt0HWH1Qknx0dZnlqhHpIR74S', 'width': 1440}]",ChIJs6Wu95llxkcRyZ3Nje-os7c,ChIJs6Wu95llxkcRyZ3Nje-os7c,GOOGLE,"['doctor', 'health', 'point_of_interest', 'establishment']","Diakenhuisweg 25, Haarlem",OPERATIONAL,{'open_now': False},"{'compound_code': '9MJ9+HW Haarlem, Netherlands', 'global_code': '9F469MJ9+HW'}",3.0,5.0,,,88196825c5fffff
"{'location': {'lat': 52.38143170000001, 'lng': 4.669760600000001}, 'viewport': {'northeast': {'lat': 52.3827237802915, 'lng': 4.671116230291504}, 'southwest': {'lat': 52.3800258197085, 'lng': 4.668418269708499}}}",https://maps.gstatic.com/mapfiles/place_api/icons/v1/png_71/generic_business-71.png,#7B9EB0,https://maps.gstatic.com/mapfiles/place_api/icons/v2/generic_pinlet,mkbasics.nl,,ChIJX-hwdI7lxUcR-ohKcyF_cVs,ChIJX-hwdI7lxUcR-ohKcyF_cVs,GOOGLE,"['health', 'point_of_interest', 'establishment']","Diakenhuisweg 25, Haarlem",OPERATIONAL,{'open_now': False},"{'compound_code': '9MJ9+HW Haarlem, Netherlands', 'global_code': '9F469MJ9+HW'}",5.0,1.0,,,88196825c5fffff
"{'location': {'lat': 52.3817872, 'lng': 4.668987799999999}, 'viewport': {'northeast': {'lat': 52.38300763029149, 'lng': 4.670333980291502}, 'southwest': {'lat': 52.3803096697085, 'lng': 4.667636019708497}}}",https://maps.gstatic.com/mapfiles/place_api/icons/v1/png_71/restaurant-71.png,#FF9E67,https://maps.gstatic.com/mapfiles/place_api/icons/v2/restaurant_pinlet,Brasserie Oostpoort,"[{'height': 533, 'html_attributions': ['<a href=""https://maps.google.com/maps/contrib/115864473660768548050"">Hicham El Kaddouri</a>'], 'photo_reference': 'AXQCQNRq3xne5uinUepvY3jHVotgsXC-2FbPYkznmcQ1SkMF_V-Ye7AMXC5P0ukBmlbW58qgDWXYCCxUoboO2TSrm1U3jfuIdV2SEPOAw-heRCx1I4dMkUz85Pic9edz9IjtacgHZ2J9BLXowmxj7ivKZJPDNhNp2IcYDwDtfg5rA-N2Geh_wl5ZdhBYBfIe7NIKifLDFhX5D5Y7Y4EutW2a2Iv7PCYXs4qVE1QOfEr0bN1fgKQGBQUTPHgDqQEqxOJD34PqmYmZDJj80CgxjfLw8cOhFSBj_3Xl7qqDPn1wg5szChvo_cZ6kBUENwi8CnRHtl1diqulY9qpMr3V0imKM4_UGFwfo9aqKnLzm4M3x-WV6xGuAkXceiHJLobBPEWfPJ6NtVbBcuTLpxtadgG_EnyynZK3WCzSidBSUgCzKj022S_vrD2cRiBoC-8eum6uuPYCsDiVl_6h_f5H8zRT3GzTxQwfcAzuO0Ex9p8odvaTDO1oPoNAw1sdKXIKuOJcP_R4PtCM8OVevcf9Q237wMunK77B6D121ALY9MSoy4R0rImlllxZh4nuPGglOcHJJZaUMbOFqeIdQxxeHN_C2ji7fLNrc97bSZ32JvIy62TCJ_bEhpHuiWav29-M6KWKjSD_vw', 'width': 960}]",ChIJ5U5LfI7lxUcR6ehQzZo5maA,ChIJ5U5LfI7lxUcR6ehQzZo5maA,GOOGLE,"['restaurant', 'food', 'point_of_interest', 'establishment']","Diakenhuisweg 1, Haarlem",OPERATIONAL,{'open_now': False},"{'compound_code': '9MJ9+PH Haarlem, Netherlands', 'global_code': '9F469MJ9+PH'}",4.4,35.0,,,88196825c5fffff
"{'location': {'lat': 52.381777, 'lng': 4.6689888}, 'viewport': {'northeast': {'lat': 52.38303683029149, 'lng': 4.670329230291502}, 'southwest': {'lat': 52.3803388697085, 'lng': 4.667631269708497}}}",https://maps.gstatic.com/mapfiles/place_api/icons/v1/png_71/school-71.png,#7B9EB0,https://maps.gstatic.com/mapfiles/place_api/icons/v2/school_pinlet,Dunamare onderwijs,"[{'height': 551, 'html_attributions': ['<a href=""https://maps.google.com/maps/contrib/103338300684091353207"">Dunamare onderwijs</a>'], 'photo_reference': 'AXQCQNSTJjO3Mdjv7sP4U79-pva9H3jJpj2uv2jwO3YYuQMTKxtpGGri3lA-ESLiQKdTnEaV8olgmTn3pJJvUz-mSQk3MpSOcfKgBcTClY8bTW2TIeApX6H1KeWEdHJD0UJAXY9yMjJ9jMxe2TkRoVNTr3AhqqqlFWKSDoj14BkL4a9WstbaKPQ7pAiHT3y-sCbt1VhXN5mg8Y-SQ66Q_cmUzNdQnF2U0vyGNiS4QJjQEpKF-YUk6Sv0JdrAHY2-V3J59a1qx0b3x9VR-UdHYXHo6FvCKgaQxNvnIRyDjS4Rh4YKSsaJsy74vBzxvT-x7SrqZL2_m5EyMuk', 'width': 817}]",ChIJ1Zp2WlbvxUcR8KDBEfPL0NE,ChIJ1Zp2WlbvxUcR8KDBEfPL0NE,GOOGLE,"['point_of_interest', 'establishment']","Diakenhuisweg 5, Haarlem",OPERATIONAL,{'open_now': False},"{'compound_code': '9MJ9+PH Haarlem, Netherlands', 'global_code': '9F469MJ9+PH'}",3.5,8.0,,,88196825c5fffff
"{'location': {'lat': 52.38171209999999, 'lng': 4.660953999999999}, 'viewport': {'northeast': {'lat': 52.40969490104392, 'lng': 4.687096931757339}, 'southwest': {'lat': 52.37007484159442, 'lng': 4.640109713663211}}}",https://maps.gstatic.com/mapfiles/place_api/icons/v1/png_71/geocode-71.png,#7B9EB0,https://maps.gstatic.com/mapfiles/place_api/icons/v2/generic_pinlet,Haarlem-Oost,"[{'height': 2976, 'html_attributions': ['<a href=""https://maps.google.com/maps/contrib/106579477630746424930"">Nadia Buza</a>'], 'photo_reference': 'AXQCQNSPOqz-ofWSwR-lyTgKzNWg77nsLyZbvk1Z1Iz5RMx3Nsj0C1-4_bCVFp0Ig-FIGtDMLo4cGG_P_ytbrAU77FY72gBpfMm7RlhZ3Au3_l9_8KXhGYe4YSR3nt7GZICNUKckdM1KJhGsD8ixM_uZwnS81qb3IJCoZiXvDNRNRSmtc9bgulqTrgkjErjmBJ3lV_RmbGrkCKe-wCdcBgqthhPvdies7ppSvogN0f0l0W5pcXHYHkbvSq6qusW0VcHm0qFtviJTSwt4AmazrVo_Qw6uE09lYaCKAUggA932XJbPlafK4j0aY4Rl5Ybg0hubZeWl6IFZNuDgNbw6bW-BylfFShazECGmUj5p1JBULyLQtgdYCT2DFwPrgJsme8qz-Ilwc8BZv-ZtWwVMAlDBqoe2YvNZTSU8f-k7fsyysgVWExVEnRylR7qm9IAl4gYkNwV6PMxp5MsC_m538ge-FjXEX61gwKwmUHhFM_wW8yrPM5Yz1nx4mj45yQ1whiS4uabzkSU0pjoRMs_ys7DcprGIE0mr5thihr7JWxYGBjGc7lnVIE5uwP4bSXbQZJMZpS2owt5dsqVZ54NappJrEnRiL0IexIlPtB9EmaOtzlTVqvKRlxdvau1Gi-6_U-g2p6VenA', 'width': 3968}]",ChIJUTz18IblxUcRiUaxn0jMiwM,ChIJUTz18IblxUcRiUaxn0jMiwM,GOOGLE,"['sublocality_level_1', 'sublocality', 'political']",Haarlem-Oost,,,,,,,,88196825c5fffff
"{'location': {'lat': 52.3802736, 'lng': 4.6729518}, 'viewport': {'northeast': {'lat': 52.38163188029151, 'lng': 4.674362880291502}, 'southwest': {'lat': 52.37893391970851, 'lng': 4.671664919708498}}}",https://maps.gstatic.com/mapfiles/place_api/icons/v1/png_71/generic_business-71.png,#7B9EB0,https://maps.gstatic.com/mapfiles/place_api/icons/v2/generic_pinlet,Satur8,,ChIJbTmcF5LlxUcRBB9v-FKwJ04,ChIJbTmcF5LlxUcRBB9v-FKwJ04,GOOGLE,"['point_of_interest', 'establishment']","Suzette Noiretstraat 48, Haarlem",OPERATIONAL,{'open_now': True},"{'compound_code': '9MJF+45 Haarlem, Netherlands', 'global_code': '9F469MJF+45'}",,,,,88196825c5fffff
"{'location': {'lat': 52.3817727, 'lng': 4.6687514}, 'viewport': {'northeast': {'lat': 52.38297813029151, 'lng': 4.670196180291502}, 'southwest': {'lat': 52.38028016970851, 'lng': 4.667498219708498}}}",https://maps.gstatic.com/mapfiles/place_api/icons/v1/png_71/generic_business-71.png,#7B9EB0,https://maps.gstatic.com/mapfiles/place_api/icons/v2/generic_pinlet,RIBW Kennemerland/Amstelland en de Meerlanden,"[{'height': 600, 'html_attributions': ['<a href=""https://maps.google.com/maps/contrib/116448645252766759210"">RIBW Kennemerland/Amstelland en de Meerlanden</a>'], 'photo_reference': 'AXQCQNSCKnl2Z9RkjOyEQ4VMmY9m7ep32oNT32e5hpemAe1SDH5joaqk_wgAAGgj0hWht8pU-NExAr3nJ5L23_avhWom_zedUYaNQZVVcGLVRDo3cyLbQL-kM1gFH6rQp1P-tcCpZ6-0TkVcNulMqvu1_AeOwNEII0xJecvOCgqtbysUyCUKtvap77NYTKCEqik0hzBe8r7mQ7jX2tlHL0z_OwaQ5KRiv3BTPhjLdBiMihy_KRnICt32Zqd-NbASY85e0MfgxVbHOebtTdudLrqYc33KBmO7BfTnrDGP3OtQqYI__ojXWkN4mfbCurRAwDEACR4bYlGkEGk', 'width': 800}]",ChIJPf_U8W3vxUcREkPwCvrJxBY,ChIJPf_U8W3vxUcREkPwCvrJxBY,GOOGLE,"['health', 'point_of_interest', 'establishment']","Diakenhuisweg 11, Haarlem",OPERATIONAL,{'open_now': False},"{'compound_code': '9MJ9+PG Haarlem, Netherlands', 'global_code': '9F469MJ9+PG'}",2.3,4.0,,,88196825c5fffff
"{'location': {'lat': 52.38161540000001, 'lng': 4.668920400000001}, 'viewport': {'northeast': {'lat': 52.38289948029151, 'lng': 4.670241480291502}, 'southwest': {'lat': 52.38020151970851, 'lng': 4.667543519708498}}}",https://maps.gstatic.com/mapfiles/place_api/icons/v1/png_71/generic_business-71.png,#7B9EB0,https://maps.gstatic.com/mapfiles/place_api/icons/v2/generic_pinlet,Slachtofferhulp Nederland - locatie Haarlem,"[{'height': 480, 'html_attributions': ['<a href=""https://maps.google.com/maps/contrib/109926380241772889651"">Slachtofferhulp Haarlem</a>'], 'photo_reference': 'AXQCQNRkNCAUiwED0N_MnOUw4L4Y2Ni-KoB9GasUVI-anscZFzOOczVWSNJ1VQY9bYvC3tgZivCfTOFxR6YyYIpK8UYdDKGxORR4i3SxPtasYP6zEMdfMnFY_WpUKjWdlQBbK3bDRqp7kR92vHWA5gLRDz2Ri5CFbL-bL7i9kcXv6Jl1zR4LXD-poa8sGDNkLkNSqozeUX9QRU91gO_g2C7XayFvGDNJYayy2mDs4OQDPt02Pf0Ut2ehq6uG5WvchRv_ScfvJ8WUbfVnlm8AoWkFEUor2aYyzZWA7dGKC9gLnss-1X89iL62uHxISWExkoqOLXW9-V0-D1w', 'width': 480}]",ChIJ5438km7vxUcR6goIwkEwC_8,ChIJ5438km7vxUcR6goIwkEwC_8,GOOGLE,"['point_of_interest', 'establishment']","Diakenhuisweg 9, Haarlem",OPERATIONAL,{'open_now': False},"{'compound_code': '9MJ9+JH Haarlem, Netherlands', 'global_code': '9F469MJ9+JH'}",,,,,88196825c5fffff
"{'location': {'lat': 52.381614, 'lng': 4.6687001}, 'viewport': {'northeast': {'lat': 52.38289878029151, 'lng': 4.670127380291502}, 'southwest': {'lat': 52.38020081970851, 'lng': 4.667429419708498}}}",https://maps.gstatic.com/mapfiles/place_api/icons/v1/png_71/generic_business-71.png,#7B9EB0,https://maps.gstatic.com/mapfiles/place_api/icons/v2/generic_pinlet,Party Pete BV,"[{'height': 527, 'html_attributions': ['<a href=""https://maps.google.com/maps/contrib/104693293561728671249"">Party Pete BV</a>'], 'photo_reference': 'AXQCQNTJOEkuxuKeaJg1uGstdOJJmswXpPSc1vWqaKycUoNV0IINXjEruMFWKY5htvUNYTnKHDQT3YQTOHW0uITF2mVe8xKRqNqyeTG4b2OaxApKzXsoLx3p9hFeing5lQQR5jptl8QNSFxvYfV8hSJBncQgZGZ1p-kiMJVoOSJ2L5F90Ry0SOOtepSrmcy328RSLLGXOGBp2Po2tagO6sCp13YNgmfHu7-K3zaUHTL-QD8C0_XBO5nPbcDBh_3Tlr2vhdgTMWMTNRtttZP8b7Lc9-OWHCBc8iYFPBhnnAAtzEwhDt2REshmbx5XhSIUVNVHgL4Z50C14JU', 'width': 1065}]",ChIJbalDfI7lxUcRtTvyrV4RFXY,ChIJbalDfI7lxUcRtTvyrV4RFXY,GOOGLE,"['point_of_interest', 'establishment']","Diakenhuisweg 15, Haarlem",OPERATIONAL,,"{'compound_code': '9MJ9+JF Haarlem, Netherlands', 'global_code': '9F469MJ9+JF'}",,,,,88196825c5fffff
"{'location': {'lat': 52.3838679, 'lng': 4.6669736}, 'viewport': {'northeast': {'lat': 52.3852479802915, 'lng': 4.668434630291502}, 'southwest': {'lat': 52.3825500197085, 'lng': 4.665736669708497}}}",https://maps.gstatic.com/mapfiles/place_api/icons/v1/png_71/generic_business-71.png,#7B9EB0,https://maps.gstatic.com/mapfiles/place_api/icons/v2/generic_pinlet,Multi Tissue Center ETB-BISLIFE,,ChIJZ2m0lmHwxUcRjm6kdCcY6a4,ChIJZ2m0lmHwxUcRjm6kdCcY6a4,GOOGLE,"['health', 'point_of_interest', 'establishment']","Jan van Krimpenweg 17, Haarlem",OPERATIONAL,{'open_now': False},"{'compound_code': '9MM8+GQ Haarlem, Netherlands', 'global_code': '9F469MM8+GQ'}",4.0,1.0,,,88196825c5fffff
"{'location': {'lat': 52.382058, 'lng': 4.670779}, 'viewport': {'northeast': {'lat': 52.3833684302915, 'lng': 4.672070330291502}, 'southwest': {'lat': 52.3806704697085, 'lng': 4.669372369708499}}}",https://maps.gstatic.com/mapfiles/place_api/icons/v1/png_71/civic_building-71.png,#7B9EB0,https://maps.gstatic.com/mapfiles/place_api/icons/v2/civic-bldg_pinlet,Tempo-Team Uitzendbureau,"[{'height': 1285, 'html_attributions': ['<a href=""https://maps.google.com/maps/contrib/111879791567423539289"">Tempo-Team Uitzendbureau</a>'], 'photo_reference': 'AXQCQNQdkOKQUhwNzwIkEfdoOjxo-0d_iJv6jlBuC_2YhFFxqtJQaFbBqTjq_uwyX3WeIMr2JdJdJsT1d1CyJ7PzsbeIjCyOjEg_PckJrla7vX3YR9kWTQ5Ugp1M_ddIN-iTqK3FgU9A5JQ9tbC4E4AFzR_dw7Qt7wunFRdm_tiFk_dF4YLk66qYd_F4fepb161v8XMY8alXzKaUJzq9nWyN7B5jmFGXGXU_y3VD98npQh9km0HfU5h90LNikROxG46gAEAFFpuGW7kTMM4NNEpntLPueLc_-UOurebd_9Opx4bBOnRtSbGB42eskLEQrWSiBAH4aK00Wwg', 'width': 964}]",ChIJ7R828WrvxUcRpjCsnKeMNdg,ChIJ7R828WrvxUcRpjCsnKeMNdg,GOOGLE,"['point_of_interest', 'establishment']","Robertus Nurksweg 3-9, Haarlem",OPERATIONAL,{'open_now': False},"{'compound_code': '9MJC+R8 Haarlem, Netherlands', 'global_code': '9F469MJC+R8'}",4.2,13.0,,,88196825c5fffff
"{'location': {'lat': 52.3804172, 'lng': 4.674484100000001}, 'viewport': {'northeast': {'lat': 52.3817051802915, 'lng': 4.675783980291502}, 'southwest': {'lat': 52.37900721970851, 'lng': 4.673086019708498}}}",https://maps.gstatic.com/mapfiles/place_api/icons/v1/png_71/generic_business-71.png,#7B9EB0,https://maps.gstatic.com/mapfiles/place_api/icons/v2/generic_pinlet,sloopauto ophaaldienst geheel nederland,,ChIJ27LRLZLlxUcRsgIO5Ys-Vqk,ChIJ27LRLZLlxUcRsgIO5Ys-Vqk,GOOGLE,"['point_of_interest', 'establishment']","Diakenhuisweg 151, Haarlem",OPERATIONAL,{'open_now': False},"{'compound_code': '9MJF+5Q Haarlem, Netherlands', 'global_code': '9F469MJF+5Q'}",5.0,1.0,,,88196825c5fffff
"{'location': {'lat': 52.3821987, 'lng': 4.6717457}, 'viewport': {'northeast': {'lat': 52.3836189302915, 'lng': 4.673080980291503}, 'southwest': {'lat': 52.3809209697085, 'lng': 4.670383019708498}}}",https://maps.gstatic.com/mapfiles/place_api/icons/v1/png_71/generic_business-71.png,#7B9EB0,https://maps.gstatic.com/mapfiles/place_api/icons/v2/generic_pinlet,Ascension Consultancy,"[{'height': 1080, 'html_attributions': ['<a href=""https://maps.google.com/maps/contrib/106862105772374883134"">Ascension Consultancy</a>'], 'photo_reference': 'AXQCQNT5Ep_nxHIn-z106K5QMVoTJLtAi4UzDZUjPFabSYXgUZuTtrj0MLwuWUD0nKOxAvApkPjyShW9YfdUiQo4lLtn_qv_jN_teM9ZT1wF38St20oi5apWw9ceB9hOyyg9OH5cMkyQgT0owvgUc30A-Ry4CPH9zmHuAEp8doFxwZ2gOieKDxjZxiiFB8RkZPDznLVE4vCKOqaHaXUp2BsEOYTeMsCiik_S_zsdaNhC2Qy0eBq6EIySsjRTwVy_b7q_bMLVLYCyZ6vpjWYaR_jB1GpYulz3RRqMs1bBPXbkUG-pFl8UkmpRj_5EY9NEHnkf2xliEW1s', 'width': 3840}]",ChIJgSIlHo7lxUcRPM9IEI0XfMw,ChIJgSIlHo7lxUcRPM9IEI0XfMw,GOOGLE,"['point_of_interest', 'establishment']","Robertus Nurksweg 11, Haarlem",OPERATIONAL,{'open_now': False},"{'compound_code': '9MJC+VM Haarlem, Netherlands', 'global_code': '9F469MJC+VM'}",,,,,88196825c5fffff
"{'location': {'lat': 52.3815265, 'lng': 4.672064000000001}, 'viewport': {'northeast': {'lat': 52.38281003029149, 'lng': 4.673779130291502}, 'southwest': {'lat': 52.3801120697085, 'lng': 4.671081169708497}}}",https://maps.gstatic.com/mapfiles/place_api/icons/v1/png_71/generic_business-71.png,#7B9EB0,https://maps.gstatic.com/mapfiles/place_api/icons/v2/generic_pinlet,Bulletproof,,ChIJwRuOA47lxUcRQWya9Qdl5pc,ChIJwRuOA47lxUcRQWya9Qdl5pc,GOOGLE,"['point_of_interest', 'establishment']","Diakenhuisweg 29, Haarlem",OPERATIONAL,{'open_now': False},"{'compound_code': '9MJC+JR Haarlem, Netherlands', 'global_code': '9F469MJC+JR'}",,,,,88196825c5fffff
"{'location': {'lat': 52.381551, 'lng': 4.672685}, 'viewport': {'northeast': {'lat': 52.38286918029151, 'lng': 4.674059430291502}, 'southwest': {'lat': 52.38017121970851, 'lng': 4.671361469708497}}}",https://maps.gstatic.com/mapfiles/place_api/icons/v1/png_71/school-71.png,#7B9EB0,https://maps.gstatic.com/mapfiles/place_api/icons/v2/school_pinlet,CompuAct Opleidingen Haarlem,"[{'height': 3456, 'html_attributions': ['<a href=""https://maps.google.com/maps/contrib/108247393539769073065"">CompuAct Opleidingen Haarlem</a>'], 'photo_reference': 'AXQCQNS3jIhBZsDE9h6RpW4EWc8fD9KEESP9oR-WeppHgdz_GH_xYvfLMaHrvqOBiUIDFjwVCdHR9PAeIZtjMcODY4Ge8h6ZOTKWTGTMvpLrc3dVNGraiwSSZe4dly-2akHxbpX_chKJJq6LhrLMfhh8Kzbz2cBxiU0jbDTJCsq-1T8uQzyycWZLIMgc60A0D5PEK2SfbKz1HcCr-X_LLkQXxR_Cj3nYUNVF7EQNDa4L9plKBryveqMAMo4ksIWinOAAbtVhxa4un5AOdrkahcwhMCHIjZV4XKoqZk3fKMTPK3UMVdhmWl7tm_HklAWA7Bu7oCO5tMmR4X4', 'width': 5184}]",ChIJBWhcrBXvxUcRLOI1pV5hbLk,ChIJBWhcrBXvxUcRLOI1pV5hbLk,GOOGLE,"['point_of_interest', 'establishment']","Diakenhuisweg 39, Haarlem",OPERATIONAL,{'open_now': False},"{'compound_code': '9MJF+J3 Haarlem, Netherlands', 'global_code': '9F469MJF+J3'}",5.0,1.0,,,88196825c5fffff
"{'location': {'lat': 52.381797, 'lng': 4.6687759}, 'viewport': {'northeast': {'lat': 52.38299028029149, 'lng': 4.670208430291502}, 'southwest': {'lat': 52.3802923197085, 'lng': 4.667510469708497}}}",https://maps.gstatic.com/mapfiles/place_api/icons/v1/png_71/generic_business-71.png,#7B9EB0,https://maps.gstatic.com/mapfiles/place_api/icons/v2/generic_pinlet,Folat BV,"[{'height': 3149, 'html_attributions': ['<a href=""https://maps.google.com/maps/contrib/108017882908280017927"">Folat BV</a>'], 'photo_reference': 'AXQCQNRkHcOlhVJ_ejPcpm1ENdnvq2J4UpPZkM9VJ6uVOxxkzP8g6UVB9t26yi4EfUEt9NeOKowv6LgM8xVoq8X40L43lPpRDhXEWAtiJN8zWnIRF8b9ApxXQBxfLjSHzlu53Sa3rTCDZ5UNZVQr6VwlaUoKl61lYDHij8iN8rUyMlsdHMWH58IvQpA5l9mGYVQoKgsvJ-ccj3jO76v-hTIXgmiNYDjIYG2T0LakkUF2On79RfoahJ38k-irjYmyLRsMairyrTa3O-zrrtudSbqqAzam4LWqeGP95NadSx9qQ3wnNw82Vj8cp5kbe8_oWf1WKkjlEtjr_20', 'width': 4724}]",ChIJPzObk4DlxUcRQoZ-WxjYPgo,ChIJPzObk4DlxUcRQoZ-WxjYPgo,GOOGLE,"['point_of_interest', 'establishment']","Diakenhuisweg 15, Haarlem",OPERATIONAL,{'open_now': False},"{'compound_code': '9MJ9+PG Haarlem, Netherlands', 'global_code': '9F469MJ9+PG'}",3.6,47.0,,,88196825c5fffff
"{'location': {'lat': 52.3817489, 'lng': 4.668737699999999}, 'viewport': {'northeast': {'lat': 52.38296623029151, 'lng': 4.670189330291501}, 'southwest': {'lat': 52.38026826970851, 'lng': 4.667491369708496}}}",https://maps.gstatic.com/mapfiles/place_api/icons/v1/png_71/generic_business-71.png,#7B9EB0,https://maps.gstatic.com/mapfiles/place_api/icons/v2/generic_pinlet,RSM,"[{'height': 5312, 'html_attributions': ['<a href=""https://maps.google.com/maps/contrib/102180001938137985154"">Tobias Lundgren</a>'], 'photo_reference': 'AXQCQNTZxaFdnXRS7CgRfURzCahLmV2fQA99cTVaa27zfnykm6Pm-VpPKmKPM2k_w5ULpsEXRE7uGh6rcVu3nPl8j7sNag559mTLQaO1wW_qfH0CZhYEnx6ON9EGrBQuxGqivANC7ps7wDBjnw_GkzKFQBu9uS6EIvp52oktABoRGPZ7RbuC-3HjPYEe7W9rOjw2XFqvkYDajKzpoanC1mAMvBv7RgOAun210huRnlOCCZaxfftSEtlLmODko1ML6XhV7VeWu0nyqD8m-dOhg-f9iGVPI3epcefnjy29m5gyFHlbpUXEhN58CWpn7g21XS4HkbWI79BAFkO7mkq2XcawjNeZuNQS2InXoSQYeV51NQNzPT7niJdgc_vzVWyzjkL1CjmwCFRdQdPNE3ANhZKP5Jvb2P_QBrdyjDVw14JmM_E6NYGZfO3FPSQj4yyOIqLV0z9Uc9fr8bykuB1A2hvRwDGEI0tCwgeaCm2BIKpJUAvWdNhBJdig9RN_BJfjqACv_301Sy36BgmJNZAexc5TA84JM97kFmYbNoEL0kDCH1RzafpnpnvOjurbkUoQCocI1GDxbj7UMWZ1JzdvrGbD5G4UNo0FayhUauAj8oC09rpXdrSFyo5DgJ5QYhU0i5_07Ov6hw', 'width': 2988}]",ChIJ-UhJfI7lxUcRxBAQHmzzOPU,ChIJ-UhJfI7lxUcRxBAQHmzzOPU,GOOGLE,"['accounting', 'finance', 'point_of_interest', 'establishment']","Diakenhuisweg 11, Haarlem",OPERATIONAL,{'open_now': False},"{'compound_code': '9MJ9+MF Haarlem, Netherlands', 'global_code': '9F469MJ9+MF'}",,,,,88196825c5fffff
"{'location': {'lat': 52.3816144, 'lng': 4.668758899999999}, 'viewport': {'northeast': {'lat': 52.3828989802915, 'lng': 4.670156780291502}, 'southwest': {'lat': 52.3802010197085, 'lng': 4.667458819708497}}}",https://maps.gstatic.com/mapfiles/place_api/icons/v1/png_71/generic_business-71.png,#7B9EB0,https://maps.gstatic.com/mapfiles/place_api/icons/v2/generic_pinlet,Stem van de cliënt,,ChIJ27ZvfI7lxUcRt6yg9hGIzH8,ChIJ27ZvfI7lxUcRt6yg9hGIzH8,GOOGLE,"['point_of_interest', 'establishment']","Diakenhuisweg 19, Haarlem",OPERATIONAL,,"{'compound_code': '9MJ9+JG Haarlem, Netherlands', 'global_code': '9F469MJ9+JG'}",,,,,88196825c5fffff
"{'location': {'lat': 52.3816146, 'lng': 4.668788300000001}, 'viewport': {'northeast': {'lat': 52.3828990802915, 'lng': 4.670171480291503}, 'southwest': {'lat': 52.3802011197085, 'lng': 4.667473519708499}}}",https://maps.gstatic.com/mapfiles/place_api/icons/v1/png_71/generic_business-71.png,#7B9EB0,https://maps.gstatic.com/mapfiles/place_api/icons/v2/generic_pinlet,Sunny Cars - Rent a Smile,"[{'height': 2362, 'html_attributions': ['<a href=""https://maps.google.com/maps/contrib/114223954507691751133"">Sunny Cars Nederland</a>'], 'photo_reference': 'AXQCQNR2jbpyIlWZlOQMppxYnqIXmIxmAZGXp2Du-3pprpxIpefVWZ7yNDR_Exv2zHSYvls-PwhtDmgWMW5y2Wv6FJcmu41fYmNeck2yh_BZ_Yt-bCL_XvWt1ifmbCVoZxwGl-BJDmlth66_53jk4QhdqcRQRVZ6rmYisGCEZQb7hzoNQwTWe9MsnHFG-hA10ZTBC6sHePQ2iLY4ZtAoeiA7zWJhCxM6jOaWLXexIFx8G_NeCGLDcvO-4eg-T9s_o8ZhzBtyTjMTLrvW7uIpGxwSkiUvw0e3NjZH1pFK0dyAwb8kVsXbbq9dVzFbDT_kP0moaB2b0QWj26U', 'width': 3543}]",ChIJfxNkjAnnxUcRU2-YbbYkx-8,ChIJfxNkjAnnxUcRU2-YbbYkx-8,GOOGLE,"['car_rental', 'point_of_interest', 'establishment']","Diakenhuisweg 21, Haarlem",OPERATIONAL,{'open_now': False},"{'compound_code': '9MJ9+JG Haarlem, Netherlands', 'global_code': '9F469MJ9+JG'}",4.5,6289.0,,,88196825c5fffff
"{'location': {'lat': 52.38173940000001, 'lng': 4.680415900000002}, 'viewport': {'northeast': {'lat': 52.3830998802915, 'lng': 4.681714880291503}, 'southwest': {'lat': 52.3804019197085, 'lng': 4.679016919708499}}}",https://maps.gstatic.com/mapfiles/place_api/icons/v1/png_71/generic_business-71.png,#7B9EB0,https://maps.gstatic.com/mapfiles/place_api/icons/v2/generic_pinlet,WNVC Grafisch ontwerpbureau,,ChIJUYp92mnvxUcRNoRjdAY7zvc,ChIJUYp92mnvxUcRNoRjdAY7zvc,GOOGLE,"['point_of_interest', 'establishment']","Liewegje 5, Haarlem",OPERATIONAL,{'open_now': False},"{'compound_code': '9MJJ+M5 Haarlem, Netherlands', 'global_code': '9F469MJJ+M5'}",,,,,88196825c5fffff
"{'location': {'lat': 52.38651979999999, 'lng': 4.670370999999998}, 'viewport': {'northeast': {'lat': 52.3878121802915, 'lng': 4.671558280291501}, 'southwest': {'lat': 52.3851142197085, 'lng': 4.668860319708497}}}",https://maps.gstatic.com/mapfiles/place_api/icons/v1/png_71/generic_business-71.png,#7B9EB0,https://maps.gstatic.com/mapfiles/place_api/icons/v2/generic_pinlet,Teva Nederland B.V.,"[{'height': 3376, 'html_attributions': ['<a href=""https://maps.google.com/maps/contrib/112179768347911579196"">Stefan Moonen</a>'], 'photo_reference': 'AXQCQNTF-dOhx754RYWxb9mcmhSYDitG8sOElvLplpfWhfFwMJs_HAJPbQdH68LNF-M4Ib3aQg3D7u4c7abcIIUj3SMJ3Q9HfYq_p2-MRwjKsQCSU4pCtISksmXE4oD2NSSdhMdd0b_GTy_FVPmgvU30B3RFHoNFCivs6pRxMbIPNlI-jqobpQL1a7XBO8sH33hZXlTdEON8qK1GAEb74V2iSRsp46FbMFjXetb-2Rs_YqDn6VYmqIudmFYJW-gwTa4OE7FJBSzBuk1lHVo2sD7FbTWM-Nu4-8Nj83YDwV-WBtjS3sNy7lJ4OVUQDCgOlJnx7FKkPMXQp_1xpMnH5IANjVXHMeEyGd5_ie0JlnVj_V2Iq5BaiKdvDLUQV2nS4c-_3_49YktI-qayZZSfAmdkPCdn13Gc2bSEBpI-rl0a89L-rdxktJ6p9BiBFc6iLHM2ArznLJm7BZO5MpvcsnX_zEnkH0wX_6l0b3WZcl_Ih7T5DL3NyZEe-0287lOYkBRZ6reqLMFgrRfe2XEBFe1TO_U-dfa0jaV-Dr1PgOt0chd7pskWZWwk0tQaHKHGypPJWzh2qz3ZvWnvBJgw-u1SAxmrmQSkNFgiYs9Gg1rlLpjXD1wPUaychPbaOu-W9Uy44cqjkQ', 'width': 2606}]",ChIJ2YtMYoXlxUcRaVhV_FdwxFM,ChIJ2YtMYoXlxUcRaVhV_FdwxFM,GOOGLE,"['health', 'point_of_interest', 'establishment']","Swensweg 5, Haarlem",OPERATIONAL,{'open_now': False},"{'compound_code': '9MPC+J4 Haarlem, Netherlands', 'global_code': '9F469MPC+J4'}",3.0,12.0,,,88196825c5fffff
"{'location': {'lat': 52.3878326, 'lng': 4.670016899999999}, 'viewport': {'northeast': {'lat': 52.3891295802915, 'lng': 4.671329230291501}, 'southwest': {'lat': 52.3864316197085, 'lng': 4.668631269708498}}}",https://maps.gstatic.com/mapfiles/place_api/icons/v1/png_71/generic_business-71.png,#7B9EB0,https://maps.gstatic.com/mapfiles/place_api/icons/v2/generic_pinlet,Carglass®,"[{'height': 1192, 'html_attributions': ['<a href=""https://maps.google.com/maps/contrib/108294922527205870305"">Carglass®</a>'], 'photo_reference': 'AXQCQNQVzUERQVTM7ezai3FFGlOGbHoTc0SfW0QGdtCi0UxbECvKm5uDWynu8Q9XjSkKyJ8ehSVZH-AavYOUeQA_BBFUczCZP2Uvcp-TCFHGFZdsMm7nj3k9iLk_VFzbNl7CfPAUV4ii3aj27CozUL0mBjmAdYBfDTHnpR92wvTNyhuoFPWylpPn68Hgd_qFuEL6onigP_knShp5QEW0ZvWOC4M5r4Kltn2cFcJxwQdV3F8QzI7SVjlxGLUcySvbiiZhHY3DpHW8jFmXfAiErX4_FmZrNoVbQmaQ_FNYB4SnZ_HJypAbw9agcV_rXvjpDwaGji-CtO-mCN4', 'width': 2119}]",ChIJcxajdIXlxUcRRxuAN33zuxE,ChIJcxajdIXlxUcRRxuAN33zuxE,GOOGLE,"['car_repair', 'store', 'point_of_interest', 'establishment']","Oudeweg 159, Haarlem",OPERATIONAL,{'open_now': False},"{'compound_code': '9MQC+42 Haarlem, Netherlands', 'global_code': '9F469MQC+42'}",4.4,370.0,,,88196825c5fffff
"{'location': {'lat': 52.3824665, 'lng': 4.671112500000001}, 'viewport': {'northeast': {'lat': 52.38374028029151, 'lng': 4.67205205}, 'southwest': {'lat': 52.38104231970851, 'lng': 4.668326649999999}}}",https://maps.gstatic.com/mapfiles/place_api/icons/v1/png_71/generic_business-71.png,#7B9EB0,https://maps.gstatic.com/mapfiles/place_api/icons/v2/generic_pinlet,"Haarlem, Spaarnwoude Station",,ChIJ8xu8Io7lxUcRDZct2K4pjbA,ChIJ8xu8Io7lxUcRDZct2K4pjbA,GOOGLE,"['transit_station', 'point_of_interest', 'establishment']",Netherlands,OPERATIONAL,,"{'compound_code': '9MJC+XC Haarlem, Netherlands', 'global_code': '9F469MJC+XC'}",,,,,88196825c5fffff
"{'location': {'lat': 52.3814411, 'lng': 4.6698192}, 'viewport': {'northeast': {'lat': 52.3827297802915, 'lng': 4.671175230291502}, 'southwest': {'lat': 52.3800318197085, 'lng': 4.668477269708498}}}",https://maps.gstatic.com/mapfiles/place_api/icons/v1/png_71/generic_business-71.png,#7B9EB0,https://maps.gstatic.com/mapfiles/place_api/icons/v2/generic_pinlet,Het Nieuwe Systeembeheer,"[{'height': 1000, 'html_attributions': ['<a href=""https://maps.google.com/maps/contrib/115245547388290332132"">Het Nieuwe Systeembeheer</a>'], 'photo_reference': 'AXQCQNR0VKxUW3eLM6Cfo30Go7Zo_STo0tsBXZ8i4G3ayxUsJeZiAYCzC-AUC6kcp2mmX81lBuM1XxEjiZG0AlFLDMVoAGOkCbFl4Ftc6kmZH0kS2LxNACIPYT4ydBvJHJ9tobEw1Indd4-z6meZH1Q4C9i-4UiAY0TTMAm7DmtHaqySzAf1OlZyYr6aBfvUBADtPAII9RRsQa7hMNTdEY6Zy1iZRBsRAC_wkWEJAneBa20WgR-vpFnHNZNalI5Om4-1i9nrrIgDLBV6TfBmxiXc041PXoUGU--Z7a7CGlL4vOSymUQlvrpS61brm3vcQjRRe3wswlhuLV4', 'width': 1500}]",ChIJ27rnTHHvxUcRJwtWl_igxGc,ChIJ27rnTHHvxUcRJwtWl_igxGc,GOOGLE,"['point_of_interest', 'establishment']","Diakenhuisweg 27, Haarlem",OPERATIONAL,{'open_now': False},"{'compound_code': '9MJ9+HW Haarlem, Netherlands', 'global_code': '9F469MJ9+HW'}",,,,,88196825c5fffff
"{'location': {'lat': 52.38330069999999, 'lng': 4.6718508}, 'viewport': {'northeast': {'lat': 52.38464843029149, 'lng': 4.673185730291502}, 'southwest': {'lat': 52.38195046970849, 'lng': 4.670487769708497}}}",https://maps.gstatic.com/mapfiles/place_api/icons/v1/png_71/parking-71.png,#7B9EB0,https://maps.gstatic.com/mapfiles/place_api/icons/v2/parking_pinlet,P+R Haarlem Spaarnwoude,"[{'height': 1080, 'html_attributions': ['<a href=""https://maps.google.com/maps/contrib/109773622322929248027"">qasem hofiad</a>'], 'photo_reference': 'AXQCQNSX08Qyc32v8K5dfKtaKXrFePbKX4rGQM7GwFEDBF9BDJDhTE075FgEitqVB6kfb8yUAGCK51GZtoAMlLGCH5mC5dACyVWFp8VLT600RSJ2Keb6xLT7rP7Zev75P4Jw9P8eRnmtnRvi6DUeYcMt6lpnFqEu3cWiyDNSHf1c3ci2M7CiOv3XUZWPjpO60K6dHp71DPfCFSN8z1RWu0GJUY4jvu-38TwmhHKZYlg4reV-IoKVeEXGxqjXQMnZ9KIe2OMUDeCljOTqdjZOQtaYuYiaNhHcGZjIXv8Sz-d2FIxShzDHWHf02ooNkNso110yCzE8szW15a4Ws1u2cARt_h6K2iCg4mYjvVYCyR3jqMvlhCNVoqduC28P2x1FydiSjewz5v8lGvtNoxxhfnvBz5hl5Nptgg2VkNdOZEpoOKFd_flCTYAKB4GZz5p0YdkDnOtekHcvw4i6KJXNk7lobsRztqBVh_kAa-kBt-eFcFSvox0BTXCsRyIlcde_UdZCJuPR2VsoPgTuO7L1KNMgHyHjJXhEQYkqbyy3Kq-Okq9WDpNPte_GunhUZW5nN7k_ZNU4XrjyqM5BBsSQQzbgVo-DcRJWyf5VIggkEgn-8b3GoXckO1hcNHP4U3N8hr1cw8XWFVzt', 'width': 1920}]",ChIJxRNjKo7lxUcR1F-KWAlXFAE,ChIJxRNjKo7lxUcR1F-KWAlXFAE,GOOGLE,"['parking', 'point_of_interest', 'establishment']","Woudplein 4, Haarlem",OPERATIONAL,{'open_now': True},"{'compound_code': '9MMC+8P Haarlem, Netherlands', 'global_code': '9F469MMC+8P'}",3.7,114.0,,,88196825c5fffff
