geometry,icon,icon_background_color,icon_mask_base_uri,name,photos,place_id,reference,scope,types,vicinity,business_status,opening_hours,plus_code,rating,user_ratings_total,price_level,hex_id
"{'location': {'lat': 52.3873878, 'lng': 4.6462194}, 'viewport': {'northeast': {'lat': 52.42865255562656, 'lng': 4.686469750378643}, 'southwest': {'lat': 52.33893104515273, 'lng': 4.599287640053803}}}",https://maps.gstatic.com/mapfiles/place_api/icons/v1/png_71/geocode-71.png,#7B9EB0,https://maps.gstatic.com/mapfiles/place_api/icons/v2/generic_pinlet,Haarlem,"[{'height': 1350, 'html_attributions': ['<a href=""https://maps.google.com/maps/contrib/117269371912788197905"">S.K. Gupta</a>'], 'photo_reference': 'AXQCQNQ7eCcRsTuYqtUQiwcH0DQlSuN-NviBaxjv2e2HJAG2WItIoKXcPvBqRN1fXDh1e8A_8jIFgGQy2OKdA1q3cbSwVm8H8IPIcI84l9kbu5Huksv70755RdrGZVRJ7i4AwuJd-2O5PcoiJORCwxG_FxEE2vd-9vc4AU2Pzbp_cByZ2N5PX7_yWvkadLvxKry51ovB3UOZMqLjyPF4WA9P11oAK-e_cikg6IReYZs5l1JwFF3H5xOus9lByG7sDEh962KHY796_GyI62XD_Yo4Tt4pIrcKzRi6ZH-hk8twqiLe3XgRlEJ5NE2AFKzAYg0i_M7JyafVeNsDBriXRvEbE7LCuMIfG2_To3BgW32fkHNTmfR2Ng0adLK_riiPVW7wvzIeuJkkSLoN5s8L4vUV7GIBof992RHHO3gkYzIs01RMn9IWLglpcOXk3UCX5NGL8Gtpk7OlzLk6qOfKcLHTL9vXtOAeQLXHlz5MQUNL_2JmK8GOKiOPpflq3WOlpdHg8wz9o8QjzuZ12yGo_BJYPgNzTNDyJ6m6B862WqYW4BBWemCu64MLKOwEgJA0O7GIyhls_F4ueaU8CxbREKmZzHDUm9hbFVzpwEu9Yr0sZ507sC0RJPF4As__PB8m0_ao', 'width': 1080}]",ChIJ--nhYGzvxUcROX6huIBW4Yo,ChIJ--nhYGzvxUcROX6huIBW4Yo,GOOGLE,"['locality', 'political']",Haarlem,,,,,,,88196825a9fffff
"{'location': {'lat': 52.3687455, 'lng': 4.6478707}, 'viewport': {'northeast': {'lat': 52.37040898029149, 'lng': 4.648786880291503}, 'southwest': {'lat': 52.3677110197085, 'lng': 4.646088919708498}}}",https://maps.gstatic.com/mapfiles/place_api/icons/v1/png_71/lodging-71.png,#909CE1,https://maps.gstatic.com/mapfiles/place_api/icons/v2/hotel_pinlet,Van der Valk Hotel Haarlem,"[{'height': 3153, 'html_attributions': ['<a href=""https://maps.google.com/maps/contrib/112232825679318573763"">Van der Valk Hotel Haarlem</a>'], 'photo_reference': 'AXQCQNQAPeKpFUh_WBpTj3dVxmgC0xxAmQKke41thqJfhFEIwlZbq0kCQBdO6dyE-VEaxfHPHWPeOQLgpmm8Bb3bgqeGSih5aMTDoKIZJmJ0wSeTAxdkSHiyg77w00Vk6fqlYO3jQzh2KXqJ5vhZGIyWSDyEgV6tWvdI6-ZKFqmj5yWwVsvrU-Goc1ygGFlMG1BFEqKJLOjwYgtQHxnFvNceW4KEZjlpZkeQobXzYEZADqMvdJJ4TEY6Nv8GABeLYjKIAlS7G0XimKHJLN8RxevvRnSdxfQaJN7QW2Ic4mKa-8fugw2ZgsavnDDrNd4NDR2OMp-0_cafYY0', 'width': 4724}]",ChIJxSi0NVrvxUcRkMXFInNHTeI,ChIJxSi0NVrvxUcRkMXFInNHTeI,GOOGLE,"['lodging', 'restaurant', 'food', 'point_of_interest', 'establishment']","Toekanweg 2, Haarlem",OPERATIONAL,{'open_now': True},"{'compound_code': '9J9X+F4 Haarlem, Netherlands', 'global_code': '9F469J9X+F4'}",4.3,4183.0,,88196825a9fffff
"{'location': {'lat': 52.3665051, 'lng': 4.6523386}, 'viewport': {'northeast': {'lat': 52.3677687302915, 'lng': 4.653255680291503}, 'southwest': {'lat': 52.3650707697085, 'lng': 4.650557719708498}}}",https://maps.gstatic.com/mapfiles/place_api/icons/v1/png_71/hospital-71.png,#F88181,https://maps.gstatic.com/mapfiles/place_api/icons/v2/hospital-H_pinlet,Spaarne Gasthuis Haarlem Zuid,"[{'height': 3000, 'html_attributions': ['<a href=""https://maps.google.com/maps/contrib/113279495166646639253"">Federico Calore</a>'], 'photo_reference': 'AXQCQNQtaksUTCrb2sXKvVVKloa9c58Yu8oQwImdGL5gqcxpKt0reF4etttA8oaTyl6FUyw4Bman5CH9yirdTYHnUHYdtBdbaCfo6RJ0bA54ewgq2fhJul_XjjFwiyc6_O2dOzqDpCqtFvQbPyd4CSnmhJmaclPlr-gWQFKcmE4giaODumTTDQ_K9D1eK_9zxJkNQkuQPvuxfCzWgzkeh9aq1bfHArHR-9vp_h8yLxP3MNSWcj5_MrGKM5PK2WS3V3Nfj21a4nTxQw7Eg0AG1oErXHWiA0GzXK3I5DpJOsgkcPuxidMioQ1UD5NXE5deJ9L9i6Ig7UQM1QXtrWC4ojxADeAobCiVhtFpQudf5qHesj6rD0XLFMrNaKERCmCQBAr5_kZ92spGYFG1cz1hsK6Y05CtFhlqlfGUfGExXHTqjcOpnmbEnlcWS8MtGgVQUAwGtViCRq06JiCp6MV1lNoARr0lJHw-xeo5c6Ihjlamu8UTAVHfDmsBj67VCV8X6_j4dMZPm-YvvxEVc5H_3fxW7X_PYw895OJeQ8-2dvqy2MUoUPjDUijUH-lFHJBsHERn5K48a24ac6NgjQP5u7KrAeZkoQvBkE9GLA6jzgoY4hRg5wd8DllmJ5xYULVEVdcPSJV9Ig8Q', 'width': 4000}]",ChIJffMY0VnvxUcR5AAxziWSI9E,ChIJffMY0VnvxUcR5AAxziWSI9E,GOOGLE,"['hospital', 'health', 'point_of_interest', 'establishment']","Boerhaavelaan 22, Haarlem",OPERATIONAL,{'open_now': True},"{'compound_code': '9M82+JW Haarlem, Netherlands', 'global_code': '9F469M82+JW'}",3.8,332.0,,88196825a9fffff
"{'location': {'lat': 52.3687238, 'lng': 4.649363399999999}, 'viewport': {'northeast': {'lat': 52.37005853029149, 'lng': 4.650821230291502}, 'southwest': {'lat': 52.3673605697085, 'lng': 4.648123269708497}}}",https://maps.gstatic.com/mapfiles/place_api/icons/v1/png_71/generic_business-71.png,#7B9EB0,https://maps.gstatic.com/mapfiles/place_api/icons/v2/generic_pinlet,Boerhaavebad,"[{'height': 2988, 'html_attributions': ['<a href=""https://maps.google.com/maps/contrib/105039135679914577542"">Johan Baas</a>'], 'photo_reference': 'AXQCQNTyUzDaLEidJgayo5yHUWbsVLnqxJcr4h3rkDBc3cWvNj_y3B0HwZSPO9Msbp_Fn6W_-UiutIUt6KjwrPXP4uIlPQwsRy-xdJoWgLc06t_4NTQ3LYucAlKVwu7x1R-REtr_wyys0BdLPeYwUpST1Avk-PH2jxAe_3Mv6mbx6z07YGt0yUBvs78qpR90yUPsf1nSBw7oAAxXkv2AqPOVAkVYBEfq-ztS6gB5KQdFs3SnDcc7l0ozH05yZ6Mw9oxJ5q8zL1XKRDWX_VhaX-23-ZNQxzlqoamEFy8S9xanQ5d9_2e6hDpgZWHghNpP6ZtofCdnFrz_fkQHr0FJPG7O4757A1AvIygUWVTMxM1PvFfE2WV141wF36qSqc3K3EPuH6epIxBUDCJ4oJTrSPNcXg_8V4B-575-FV0-PBjzFus9nYUfd0115rMW-s-RbLB9u24LyTfXtpPmFvbLJ4KZR_hFmKKc-jhRH8THWABd1I2ilKvO7s1K0LGlREMNRDap0IaehBx5rQfiGZDLDUjDAU8hkKfq3GfjZ472IAkx9vuHFA3Gz6X9FovppDu2L3SxSCmw8m6y_a6QLtsAsKtTPU1ECryGALGjoBAiJdYPxoDqcZWx6kfM7WNxb9_QKW3Ez-eLMQ', 'width': 5312}]",ChIJswkX01vvxUcRFhGerqajuWU,ChIJswkX01vvxUcRFhGerqajuWU,GOOGLE,"['point_of_interest', 'establishment']","Kadijklaan 1, Haarlem",OPERATIONAL,,"{'compound_code': '9J9X+FP Haarlem, Netherlands', 'global_code': '9F469J9X+FP'}",3.9,664.0,,88196825a9fffff
"{'location': {'lat': 52.3638023, 'lng': 4.6471631}, 'viewport': {'northeast': {'lat': 52.3650481302915, 'lng': 4.648509580291503}, 'southwest': {'lat': 52.3623501697085, 'lng': 4.645811619708498}}}",https://maps.gstatic.com/mapfiles/place_api/icons/v1/png_71/school-71.png,#7B9EB0,https://maps.gstatic.com/mapfiles/place_api/icons/v2/school_pinlet,Public Elementary School De Piramide,"[{'height': 1031, 'html_attributions': ['<a href=""https://maps.google.com/maps/contrib/106201510559028379137"">OBS de Piramide</a>'], 'photo_reference': 'AXQCQNSncO2GZnuScqdvyiVDXyNwtnFLb3y7XxGIa4xP8YmYFLZfloGp_GFjn-0kfamTE3iuMieKGUBnjg6ZTwPDQ_h7N87spNOZaw7eu5MCuE2ZpsWBGfnXT-hxSCSG_S5bEDbS_OTA2AXVNP6xhsFOab2LN5OYSQovekNX2LsC0rdzJqSaiyVb4aV8sTNxQ7QWC3Nab2XbmFedEgZOiB9vQ8qbtHbgNcZ8YRbv1KP5aIx7owxJFru6pWrpTjNkQ82hm3El32yr74_3VDpgJ83ZmEeG6ZjVAc7RFoEonH9IhKjugCmhhemzFyMXCp46QsJk24mkUZDCkjg', 'width': 1650}]",ChIJ04TE5lDvxUcRV84quEMWQcY,ChIJ04TE5lDvxUcRV84quEMWQcY,GOOGLE,"['primary_school', 'school', 'point_of_interest', 'establishment']","Duitslandlaan 9, Haarlem",OPERATIONAL,{'open_now': False},"{'compound_code': '9J7W+GV Haarlem, Netherlands', 'global_code': '9F469J7W+GV'}",,,,88196825a9fffff
"{'location': {'lat': 52.36660620000001, 'lng': 4.651572900000001}, 'viewport': {'northeast': {'lat': 52.3679550802915, 'lng': 4.652882580291503}, 'southwest': {'lat': 52.36525711970851, 'lng': 4.650184619708498}}}",https://maps.gstatic.com/mapfiles/place_api/icons/v1/png_71/pharmacy-71.png,#F88181,https://maps.gstatic.com/mapfiles/place_api/icons/v2/pharmacy_pinlet,Apotheek Spaarne Gasthuis - Haarlem Zuid,"[{'height': 1920, 'html_attributions': ['<a href=""https://maps.google.com/maps/contrib/102611899986458934541"">Ramez D</a>'], 'photo_reference': 'AXQCQNRn0agaD7fsX8F04NtNiZ6_-6Hwf0pzgFc7kc6kIS8iUm6rqiA14q8xJUqj472jvxQShXpi1_is5hEYcofrJuyTytKkeeXuv5arauAJx8LsZBBEnm1OcZbQ-fRXA-SMjZhHpoxwd4lcQNPk9qcqZlSIxlstxnDWHNQr4QuuYw0nC8dKDhnmvp2pzBwwWtS0EQUTHV3pHcevLP0BnzyX9sUHzO4x5RGOnivlpqHZyaI6MWbIYX4YHGfReODI2hunwloFLh34Qf9RRb7QV6wUUWQa5aocHWPqiBkvpx7YpDuvlniIDdJEJ2yeUPSF7Ne8hHDE097upaz92DDsi62HYtbjs_CxTu5ttADyDk4c-ytYnoB8NRJ3FpILhhNllUf1UJDtlXljG_hzuro-Zmt6DZzER9BiMI4Rg-P2qQx_8cAju3FQrC3uBMD_glcCLuvA4N3g5Pe0bPzxD4WPgZR5eQK1J5IvCIrmEhn1vZXr3e2TK-qxC482BrZ3oerkWrkCOni5Jn0ZYGs3qxuCrT-Ki9h6FLGpV0bmT4NI-nAjlEYGidUxfI4de3brS69bYOVOWbf2_yt7Qn7EgPaLxy9FbJIsHDKAEImoaWAdTYLP9InG-lE11UAXpc_V_C3QcEiv4OzaUbcX', 'width': 1080}]",ChIJg9QsRljvxUcRX6XLlcIbXhI,ChIJg9QsRljvxUcRX6XLlcIbXhI,GOOGLE,"['pharmacy', 'health', 'store', 'point_of_interest', 'establishment']","Boerhaavelaan 22, Haarlem",OPERATIONAL,{'open_now': True},"{'compound_code': '9M82+JJ Haarlem, Netherlands', 'global_code': '9F469M82+JJ'}",3.0,43.0,,88196825a9fffff
"{'location': {'lat': 52.364304, 'lng': 4.648629000000001}, 'viewport': {'northeast': {'lat': 52.3657079802915, 'lng': 4.649968980291503}, 'southwest': {'lat': 52.3630100197085, 'lng': 4.647271019708499}}}",https://maps.gstatic.com/mapfiles/place_api/icons/v1/png_71/generic_business-71.png,#7B9EB0,https://maps.gstatic.com/mapfiles/place_api/icons/v2/generic_pinlet,"Spirituele Praktijk Miraja - Centrum voor healing, Mediumschap en Tarot","[{'height': 1246, 'html_attributions': ['<a href=""https://maps.google.com/maps/contrib/107646224951200762692"">Spirituele Praktijk Miraja - Centrum voor healing, Mediumschap en Tarot</a>'], 'photo_reference': 'AXQCQNTpnXH8LJ4n5-FAnS8iHVoYiHd5drcDRaqNPv0P8eilDJLGR2uVUrLe5OBL5n1J-V3Rtve3UoWOM8B9qTSwjeqz5hRjTGScQQv9ZoIaFM5YWm-K9XdroGiYzKKpFRRNQKPOs4_xIAWMNT88FnRcaAc5Tu8W4rgPTd1XcwsZCPRjddkCOpBZz0Nl6pzNBrDix9pf-Ga1PCs03sNOVg3jQGKiZ2EyU7BYDquJoXzHunJgzvMvdZ9cPTVy8r2mdJIesqmxHf5mUh0YjC5s97V7NPloy6ZpzNySKvAjytokYl2RBQ5zgG6wZo4lpmMvfpZr3ZOe87PC', 'width': 3366}]",ChIJ3SHFy1DvxUcRcLrr2IXJJg8,ChIJ3SHFy1DvxUcRcLrr2IXJJg8,GOOGLE,"['health', 'point_of_interest', 'establishment']","Belgiëlaan 20, Haarlem",OPERATIONAL,,"{'compound_code': '9J7X+PF Haarlem, Netherlands', 'global_code': '9F469J7X+PF'}",4.5,2.0,,88196825a9fffff
"{'location': {'lat': 52.3670914, 'lng': 4.652284799999999}, 'viewport': {'northeast': {'lat': 52.3684884802915, 'lng': 4.653633330291502}, 'southwest': {'lat': 52.3657905197085, 'lng': 4.650935369708497}}}",https://maps.gstatic.com/mapfiles/place_api/icons/v1/png_71/generic_business-71.png,#7B9EB0,https://maps.gstatic.com/mapfiles/place_api/icons/v2/generic_pinlet,Oculenti Contactlenspraktijk Spaarne Gasthuis Haarlem Zuid,,ChIJN3H8yVnvxUcRkBXz99-sa2U,ChIJN3H8yVnvxUcRkBXz99-sa2U,GOOGLE,"['health', 'point_of_interest', 'establishment']","Boerhaavelaan 22, Haarlem",OPERATIONAL,{'open_now': False},"{'compound_code': '9M82+RW Haarlem, Netherlands', 'global_code': '9F469M82+RW'}",,,,88196825a9fffff
"{'location': {'lat': 52.36713229999999, 'lng': 4.6451403}, 'viewport': {'northeast': {'lat': 52.3685882302915, 'lng': 4.646592680291502}, 'southwest': {'lat': 52.3658902697085, 'lng': 4.643894719708498}}}",https://maps.gstatic.com/mapfiles/place_api/icons/v1/png_71/school-71.png,#7B9EB0,https://maps.gstatic.com/mapfiles/place_api/icons/v2/school_pinlet,Children's Daycare Boris Buitelaar,,ChIJ6R46jFrvxUcR-wiqgEdenAE,ChIJ6R46jFrvxUcR-wiqgEdenAE,GOOGLE,"['point_of_interest', 'establishment']","Venkelstraat 99, Haarlem",OPERATIONAL,{'open_now': False},"{'compound_code': '9J8W+V3 Haarlem, Netherlands', 'global_code': '9F469J8W+V3'}",1.0,1.0,,88196825a9fffff
"{'location': {'lat': 52.36660069999999, 'lng': 4.646471399999999}, 'viewport': {'northeast': {'lat': 52.3679477302915, 'lng': 4.647886880291503}, 'southwest': {'lat': 52.3652497697085, 'lng': 4.645188919708498}}}",https://maps.gstatic.com/mapfiles/place_api/icons/v1/png_71/school-71.png,#7B9EB0,https://maps.gstatic.com/mapfiles/place_api/icons/v2/school_pinlet,Bear Creek Praktijk en opleiding voor sjamanisme,"[{'height': 2448, 'html_attributions': ['<a href=""https://maps.google.com/maps/contrib/108640756122675470126"">Bear Creek Praktijk en opleiding voor sjamanisme</a>'], 'photo_reference': 'AXQCQNRsztBvEqB516Lo-ngfO8Hvts-dbeecZIqIhSs42otF5dhy3RlyPI70iG7Rb5gmJT7izKDNLRTcJ5IcsdufQZmVzOQ0VbS-Deb5qxoqgZxvedykKea8eBUPPahB2VtLsrTK0R1nwwFicnAKqH-ebP3G-bxVkA0Ug9sAG1KZBUbjEMuofd8fk8xGoPmQ6lGQMF6H8aqYYlMok0i6rSHYUWnhBICmZV3qDm56OBeCOfVIDH1n0h9jcTGH33BG78PxpMMP5OsmGbp6Hm_WQDJfwex1XOT8_uN-2NSCDOKSo48U3vNzv4G0hCkhSEriTmYws-feeGAutCw', 'width': 3264}]",ChIJz0_x0FDvxUcRcPo6UhvNq4s,ChIJz0_x0FDvxUcRcPo6UhvNq4s,GOOGLE,"['point_of_interest', 'establishment']","Drielandenhoek 20 Bezoek adres, Schotlandstraat 226-230, Haarlem",OPERATIONAL,,"{'compound_code': '9J8W+JH Haarlem, Netherlands', 'global_code': '9F469J8W+JH'}",5.0,3.0,,88196825a9fffff
"{'location': {'lat': 52.3647421, 'lng': 4.647992700000001}, 'viewport': {'northeast': {'lat': 52.3660681302915, 'lng': 4.649279480291503}, 'southwest': {'lat': 52.3633701697085, 'lng': 4.646581519708498}}}",https://maps.gstatic.com/mapfiles/place_api/icons/v1/png_71/restaurant-71.png,#FF9E67,https://maps.gstatic.com/mapfiles/place_api/icons/v2/restaurant_pinlet,IJssalon Scoops Haarlem,"[{'height': 810, 'html_attributions': ['<a href=""https://maps.google.com/maps/contrib/100504908171857579250"">IJssalon Scoops Haarlem</a>'], 'photo_reference': 'AXQCQNTawBT8ZUSrLjIAZX5jFYBRTOyLCW3lUilUPuRjw-twrzbOjPhwe77GxquqEHSoKxm6lTseKvjj_dK2YIuGrBJbpl1L0zdee2nUqAzOfn8-hMZhb0fjAHCX-MMwDFYDC4Of7odWn1Bkw_-8XL6LOIc-CeL_SUG7TYcQUIEf7Hv2wO20Mo2rWu1T48DodzPq8QnpHm681271Py3qFHxkHBt51bB26slMEbxMSwJcxDfktgRP0UNjkZ7R07ozgMvvMWBoSGk6iHFflIDp8f-w2abRI9DforJx5ZpPIhBzYWxpgspN0VF5BV8CYzadQGbQwdEyD60GM7A', 'width': 1440}]",ChIJc2JfuFDvxUcR9k8wA0XIvQM,ChIJc2JfuFDvxUcR9k8wA0XIvQM,GOOGLE,"['store', 'food', 'point_of_interest', 'establishment']","Belgiëlaan 41, Haarlem",OPERATIONAL,{'open_now': True},"{'compound_code': '9J7X+V5 Haarlem, Netherlands', 'global_code': '9F469J7X+V5'}",4.5,106.0,2.0,88196825a9fffff
"{'location': {'lat': 52.3669391, 'lng': 4.652409299999999}, 'viewport': {'northeast': {'lat': 52.36841253029149, 'lng': 4.653757180291501}, 'southwest': {'lat': 52.36571456970849, 'lng': 4.651059219708497}}}",https://maps.gstatic.com/mapfiles/place_api/icons/v1/png_71/shopping-71.png,#4B96F3,https://maps.gstatic.com/mapfiles/place_api/icons/v2/shopping_pinlet,V.O.F. Vadeto Haarlem,,ChIJP_Xqw1nvxUcRa-3YncOzaaE,ChIJP_Xqw1nvxUcRa-3YncOzaaE,GOOGLE,"['electronics_store', 'store', 'point_of_interest', 'establishment']","Boerhaavelaan, Haarlem",OPERATIONAL,,"{'compound_code': '9M82+QX Haarlem, Netherlands', 'global_code': '9F469M82+QX'}",,,,88196825a9fffff
"{'location': {'lat': 52.3669391, 'lng': 4.652409299999999}, 'viewport': {'northeast': {'lat': 52.36841253029149, 'lng': 4.653757180291501}, 'southwest': {'lat': 52.36571456970849, 'lng': 4.651059219708497}}}",https://maps.gstatic.com/mapfiles/place_api/icons/v1/png_71/generic_business-71.png,#7B9EB0,https://maps.gstatic.com/mapfiles/place_api/icons/v2/generic_pinlet,Oogarts P.W. Koppius,,ChIJP_Xqw1nvxUcR0mpyK57_Pfo,ChIJP_Xqw1nvxUcR0mpyK57_Pfo,GOOGLE,"['health', 'point_of_interest', 'establishment']","Boerhaavelaan 22, Haarlem",OPERATIONAL,,"{'compound_code': '9M82+QX Haarlem, Netherlands', 'global_code': '9F469M82+QX'}",,,,88196825a9fffff
"{'location': {'lat': 52.36462909999999, 'lng': 4.6485736}, 'viewport': {'northeast': {'lat': 52.36592218029151, 'lng': 4.649716330291501}, 'southwest': {'lat': 52.36322421970851, 'lng': 4.647018369708497}}}",https://maps.gstatic.com/mapfiles/place_api/icons/v1/png_71/shopping-71.png,#4B96F3,https://maps.gstatic.com/mapfiles/place_api/icons/v2/shopping_pinlet,Tabakshop Europa,"[{'height': 633, 'html_attributions': ['<a href=""https://maps.google.com/maps/contrib/117935943950771221012"">Tabakshop Europa</a>'], 'photo_reference': 'AXQCQNT6Wj7zb3mpUnu0tskOTG8KakvHGWLwpJHQR429wwXFTl-nQ8L9ZFHjJUCuK75snvhOaiCrllHDkc3zo2FsiY2TyK5NmwRT1crMPpn89b7ktWiemd_-_Hmftdiqplyuhxn2rHtGjLzb73oAMgckICK1ugU6UtldOobFcO--L-eP0Xdh4AjKHltlMQp0qYfiRzoCArCUhHqxNqmMUB4rBcAbIYlx5K4jfFyUSrVlaKT7bzn1exydgbzBqSAx4sFTCRfctWhRBzF3emJaAseVPVo8NyyEkjiktCmKLqnjlHxL42MTQab2hmXR2xvT-68CuM5GmgI5B-M', 'width': 1124}]",ChIJ48__tVDvxUcRq8f-uasTKfs,ChIJ48__tVDvxUcRq8f-uasTKfs,GOOGLE,"['electronics_store', 'home_goods_store', 'store', 'point_of_interest', 'establishment']","Belgiëlaan 55, Haarlem",OPERATIONAL,{'open_now': False},"{'compound_code': '9J7X+VC Haarlem, Netherlands', 'global_code': '9F469J7X+VC'}",3.8,18.0,,88196825a9fffff
"{'location': {'lat': 52.3665701, 'lng': 4.6464654}, 'viewport': {'northeast': {'lat': 52.3679171302915, 'lng': 4.647882730291503}, 'southwest': {'lat': 52.3652191697085, 'lng': 4.645184769708498}}}",https://maps.gstatic.com/mapfiles/place_api/icons/v1/png_71/generic_business-71.png,#7B9EB0,https://maps.gstatic.com/mapfiles/place_api/icons/v2/generic_pinlet,Maatschap Praktijk voor Fysiotherapie Schotlandstraat,"[{'height': 2448, 'html_attributions': ['<a href=""https://maps.google.com/maps/contrib/115556160313980453181"">Maatschap Praktijk voor Fysiotherapie Schotlandstraat</a>'], 'photo_reference': 'AXQCQNS-6B3BZjO6-XXEz0H7p0dL4oWrEb7KQNfTPHBE3vqHci3mBaERo677t9cMJPs72hitp36D-SPWsqLSXqo3w5eHhX1nWoGYFssSBl2VotulSe6WBm8TMHJw1OEbJiH9lZDw2J_YyGcIyhIZtz0eojKpa8DgFVu0seySkcVsh_TWOh484qznVku-YxN0CRTaR9GgZgasJBmB_ofxxPncX0RWXVRHSgm5tjzF84M3Y7a9kxJgiAujUIk0qpIA7BIl3vMWhBigp1CBiuUibKoj6lJtU2B0dJjjOdEpoezOsRh9W4zNlChVLC_BB6DwIiY96bM58ofMz2s', 'width': 3264}]",ChIJB7qYfFrvxUcRmWlefv8pSu0,ChIJB7qYfFrvxUcRmWlefv8pSu0,GOOGLE,"['physiotherapist', 'health', 'point_of_interest', 'establishment']","Schotlandstraat 226- 230, Haarlem",OPERATIONAL,{'open_now': False},"{'compound_code': '9J8W+JH Haarlem, Netherlands', 'global_code': '9F469J8W+JH'}",4.3,6.0,,88196825a9fffff
"{'location': {'lat': 52.3646606, 'lng': 4.6493785}, 'viewport': {'northeast': {'lat': 52.36594978029149, 'lng': 4.650727330291502}, 'southwest': {'lat': 52.3632518197085, 'lng': 4.648029369708499}}}",https://maps.gstatic.com/mapfiles/place_api/icons/v1/png_71/restaurant-71.png,#FF9E67,https://maps.gstatic.com/mapfiles/place_api/icons/v2/restaurant_pinlet,Friet van Piet,"[{'height': 4032, 'html_attributions': ['<a href=""https://maps.google.com/maps/contrib/107236096395124947709"">Edith Wessels</a>'], 'photo_reference': 'AXQCQNT_pIEbFuvi7CrX7-fw4jeUY9DsBDDf6wgALPo-WtvIR4gjnDaroDsFDSBCwGc4y1mYpbTTI1jMxNTYGwS4p2v_wQl7DFfJk6trfI5eXTBeAsK6K39yx0hOmlM4mvkaeB7lpp15LemCrn_B4vwjQvSCCv21JNwmzGNpgVyn5ZmUyO_rqc5Fu6FfzykKreR3gGsApLn94xJ3xcCEdAhC-6kP2Ygos0x6XnVfh2PqpUIoziCyudOqLONUfi1VOVD8lRLkpP3zw_tD-_KsBe0XBmQC3QnCOJzST0vN7vfd6g3nUHmMFJI2ufWEtjQ7NYtyLG9qquS6JLdtQRD5uyIwzwkifrjxJOSxi2e_rHopReLJx6K2gXPXyBBefF46gYEwEg7C55nw1Rdvh3B3gGOw9DzVc48PWdQNnNaX46nFW5I8NuiV4LDvoNTPXrJkaqYwzUROOITkseDJGYkPR6RkaAwmTrCTIyhwH719L6UvKid63KDvYThOjeg-8BBapykvJQvgt8Ia_--cgQ-bOt8SW68qdlkKAOPUea8xPt0er5yREclGuJHXTa7I3E0-ez9itrw-C3ncMeBuLG7ZXZwnNn4jFu3lziOiGpKvNVmFnvaoNLyiBaapSxc4d2lmQMHeHNlw2Q', 'width': 3024}]",ChIJSxx_AVHvxUcRTwkMM81qBbc,ChIJSxx_AVHvxUcRTwkMM81qBbc,GOOGLE,"['restaurant', 'food', 'point_of_interest', 'establishment']","Belgiëlaan 59, Haarlem",OPERATIONAL,{'open_now': True},"{'compound_code': '9J7X+VQ Haarlem, Netherlands', 'global_code': '9F469J7X+VQ'}",4.3,754.0,,88196825a9fffff
"{'location': {'lat': 52.36862070000001, 'lng': 4.649582300000001}, 'viewport': {'northeast': {'lat': 52.36996968029152, 'lng': 4.650931280291503}, 'southwest': {'lat': 52.36727171970852, 'lng': 4.648233319708498}}}",https://maps.gstatic.com/mapfiles/place_api/icons/v1/png_71/generic_business-71.png,#7B9EB0,https://maps.gstatic.com/mapfiles/place_api/icons/v2/generic_pinlet,In Zeer Goede Staat,,ChIJ72SLDvnlxUcRHrBTxCJsFTY,ChIJ72SLDvnlxUcRHrBTxCJsFTY,GOOGLE,"['point_of_interest', 'establishment']","Kadijklaan, Haarlem",OPERATIONAL,,"{'compound_code': '9J9X+CR Haarlem, Netherlands', 'global_code': '9F469J9X+CR'}",,,,88196825a9fffff
"{'location': {'lat': 52.3663475, 'lng': 4.6488763}, 'viewport': {'northeast': {'lat': 52.3676961802915, 'lng': 4.650049980291503}, 'southwest': {'lat': 52.3649982197085, 'lng': 4.647352019708499}}}",https://maps.gstatic.com/mapfiles/place_api/icons/v1/png_71/generic_business-71.png,#7B9EB0,https://maps.gstatic.com/mapfiles/place_api/icons/v2/generic_pinlet,MijnPCoplossing,"[{'height': 827, 'html_attributions': ['<a href=""https://maps.google.com/maps/contrib/103501701445694428982"">MijnPCoplossing</a>'], 'photo_reference': 'AXQCQNS1PJqLbTfn6kFUA8RD4uH0HVNwm2xUeN5aa3LbsUbm85ypIV39ZsZ2etDsGF9GxzkVh9IE_7gZQ7TQF-Ldn4gGrcvkUP1zKN_e_vOR89Ojun6FEyqc4YJMkPKJ-5sY2GpiPdC57PV9YtXEFekU7Ep6EN29HPzyC36JGwIr7Ae1LNu7lBmwJTMZafxXpTQh9rekwJl1qoGEd8axsyemU6SFpn1fz-1P7f4rsW_qtBki9cvYrVmDwEKAsj3IGmyDExTT-s9seqMUCBoOefgFf7Bk5uq64odzKYAaLi833OM51M1NSpMXS6osiay_mMHitpQ03AzP-aE', 'width': 1189}]",ChIJw2cKBFrvxUcRkiGDSRUWdgk,ChIJw2cKBFrvxUcRkiGDSRUWdgk,GOOGLE,"['electronics_store', 'store', 'point_of_interest', 'establishment']","Ierlandstraat 125, Haarlem",OPERATIONAL,{'open_now': False},"{'compound_code': '9J8X+GH Haarlem, Netherlands', 'global_code': '9F469J8X+GH'}",5.0,4.0,,88196825a9fffff
"{'location': {'lat': 52.3669391, 'lng': 4.652409299999999}, 'viewport': {'northeast': {'lat': 52.36841253029149, 'lng': 4.653757180291501}, 'southwest': {'lat': 52.36571456970849, 'lng': 4.651059219708497}}}",https://maps.gstatic.com/mapfiles/place_api/icons/v1/png_71/generic_business-71.png,#7B9EB0,https://maps.gstatic.com/mapfiles/place_api/icons/v2/generic_pinlet,T.M. Bruggink,,ChIJP_Xqw1nvxUcRgoMepRgucnM,ChIJP_Xqw1nvxUcRgoMepRgucnM,GOOGLE,"['doctor', 'health', 'point_of_interest', 'establishment']","Boerhaavelaan 22, Haarlem",OPERATIONAL,,"{'compound_code': '9M82+QX Haarlem, Netherlands', 'global_code': '9F469M82+QX'}",3.3,3.0,,88196825a9fffff
"{'location': {'lat': 52.38171209999999, 'lng': 4.660953999999999}, 'viewport': {'northeast': {'lat': 52.40969490104392, 'lng': 4.687096931757339}, 'southwest': {'lat': 52.37007484159442, 'lng': 4.640109713663211}}}",https://maps.gstatic.com/mapfiles/place_api/icons/v1/png_71/geocode-71.png,#7B9EB0,https://maps.gstatic.com/mapfiles/place_api/icons/v2/generic_pinlet,Haarlem-Oost,"[{'height': 2976, 'html_attributions': ['<a href=""https://maps.google.com/maps/contrib/106579477630746424930"">Nadia Buza</a>'], 'photo_reference': 'AXQCQNQbnCY5j89cL1u-xsICSBsMbbscbsU98u2_pQVhrdMetZTqD0EAGme8LkeC-8pGyhypLJkcmv8t31H7J0AALdO80I3A55HVgGvcDgpkpcvRn5M5s8HHOMy9vue0j0POnOkTgCdocwRld3p9LUgIDAoFU2ARIuLfaQKl5Vr4qfiBBkCgOkVN5MWpsWvOhhBhQgajnz0lCf-o1FVJgECF-7pL7oO9uKDXE1xGdGmVqqx7Vizhr0S7hNJBnnJVud01s6qiFKAPLypGEsFr8SfuXvRDMytWv7bq2ZG34iHZ2XBQBGPrTKrQQ4a-WxHmfni4LQeJODXTTw0Ib7RWPqnualoRnAMHsxtiFC29vW3TUHZcbmZ8q5jcvjxnVLajtks1nTX7CjMk3axTz_FgL6JtCXUEMZehBp2J2Y43ndUYRQR3-QthUe6qqSeNIpDBP1IN4W2rArbclWk7IVhswjso0GaNMJNyGSb0mlK3Y5GIqG8P4WN2iWBt7gLTh8xjGW05XUd6-o3VdrX43kmx6ovqW6FpL3KbA9LZZqQu1vop6vascYF-hQsM-RsJcOys170bH8D5H7fCbjJw7nDLkRskobxZwdHIL72F2WU-ZpkUCeDyEiJpdRE61zgJMrieZzixngXyBQ', 'width': 3968}]",ChIJUTz18IblxUcRiUaxn0jMiwM,ChIJUTz18IblxUcRiUaxn0jMiwM,GOOGLE,"['sublocality_level_1', 'sublocality', 'political']",Haarlem-Oost,,,,,,,88196825a9fffff
